code,finish,cost_usd,category
B06,Elegant White,89.0,BASE CABINETS
B09,Elegant White,154.0,BASE CABINETS
B12,Elegant White,178.0,BASE CABINETS
B15,Elegant White,204.0,BASE CABINETS
B18,Elegant White,219.0,BASE CABINETS
B21,Elegant White,243.0,BASE CABINETS
B24,Elegant White,270.0,BASE CABINETS
B27,Elegant White,311.0,BASE CABINETS
B30,Elegant White,338.0,BASE CABINETS
B33,Elegant White,358.0,BASE CABINETS
B36,Elegant White,378.0,BASE CABINETS
B39,Elegant White,392.0,BASE CABINETS
B42,Elegant White,402.0,BASE CABINETS
BM30,Elegant White,338.0,BASE CABINETS
BSR09,Elegant White,189.0,BASE CABINETS
BWBK18,Elegant White,299.0,BASE CABINETS
BBC33(39),Elegant White,329.0,BASE CABINETS
BBC42(45),Elegant White,448.0,BASE CABINETS
DB12-3,Elegant White,267.0,BASE CABINETS
DB15-3,Elegant White,300.0,BASE CABINETS
DB18-3,Elegant White,320.0,BASE CABINETS
DB21-3,Elegant White,352.0,BASE CABINETS
DB24-3,Elegant White,378.0,BASE CABINETS
DB27-3,Elegant White,389.0,BASE CABINETS
DB30-3,Elegant White,404.0,BASE CABINETS
DB33-3,Elegant White,482.0,BASE CABINETS
DB36-3,Elegant White,482.0,BASE CABINETS
LS3309,Elegant White,528.0,BASE CABINETS
LS3612,Elegant White,539.0,BASE CABINETS
BEA12L/R,Elegant White,223.0,BASE CABINETS
BES09L/R,Elegant White,200.0,BASE CABINETS
B06,Grey Shaker,89.0,BASE CABINETS
B09,Grey Shaker,154.0,BASE CABINETS
B12,Grey Shaker,178.0,BASE CABINETS
B15,Grey Shaker,204.0,BASE CABINETS
B18,Grey Shaker,219.0,BASE CABINETS
B21,Grey Shaker,243.0,BASE CABINETS
B24,Grey Shaker,270.0,BASE CABINETS
B27,Grey Shaker,311.0,BASE CABINETS
B30,Grey Shaker,338.0,BASE CABINETS
B33,Grey Shaker,358.0,BASE CABINETS
B36,Grey Shaker,378.0,BASE CABINETS
B39,Grey Shaker,392.0,BASE CABINETS
B42,Grey Shaker,402.0,BASE CABINETS
BM30,Grey Shaker,338.0,BASE CABINETS
BSR09,Grey Shaker,189.0,BASE CABINETS
BWBK18,Grey Shaker,299.0,BASE CABINETS
BBC33(39),Grey Shaker,329.0,BASE CABINETS
BBC42(45),Grey Shaker,448.0,BASE CABINETS
DB12-3,Grey Shaker,267.0,BASE CABINETS
DB15-3,Grey Shaker,300.0,BASE CABINETS
DB18-3,Grey Shaker,320.0,BASE CABINETS
DB21-3,Grey Shaker,352.0,BASE CABINETS
DB24-3,Grey Shaker,378.0,BASE CABINETS
DB27-3,Grey Shaker,389.0,BASE CABINETS
DB30-3,Grey Shaker,404.0,BASE CABINETS
DB33-3,Grey Shaker,482.0,BASE CABINETS
DB36-3,Grey Shaker,482.0,BASE CABINETS
LS3309,Grey Shaker,528.0,BASE CABINETS
LS3612,Grey Shaker,539.0,BASE CABINETS
BEA12L/R,Grey Shaker,223.0,BASE CABINETS
BES09L/R,Grey Shaker,200.0,BASE CABINETS
B06,Espresso Shaker,89.0,BASE CABINETS
B09,Espresso Shaker,154.0,BASE CABINETS
B12,Espresso Shaker,178.0,BASE CABINETS
B15,Espresso Shaker,204.0,BASE CABINETS
B18,Espresso Shaker,219.0,BASE CABINETS
B21,Espresso Shaker,243.0,BASE CABINETS
B24,Espresso Shaker,270.0,BASE CABINETS
B27,Espresso Shaker,311.0,BASE CABINETS
B30,Espresso Shaker,338.0,BASE CABINETS
B33,Espresso Shaker,358.0,BASE CABINETS
B36,Espresso Shaker,378.0,BASE CABINETS
B39,Espresso Shaker,392.0,BASE CABINETS
B42,Espresso Shaker,402.0,BASE CABINETS
BM30,Espresso Shaker,338.0,BASE CABINETS
BSR09,Espresso Shaker,189.0,BASE CABINETS
BWBK18,Espresso Shaker,299.0,BASE CABINETS
BBC33(39),Espresso Shaker,329.0,BASE CABINETS
BBC42(45),Espresso Shaker,448.0,BASE CABINETS
DB12-3,Espresso Shaker,267.0,BASE CABINETS
DB15-3,Espresso Shaker,300.0,BASE CABINETS
DB18-3,Espresso Shaker,320.0,BASE CABINETS
DB21-3,Espresso Shaker,352.0,BASE CABINETS
DB24-3,Espresso Shaker,378.0,BASE CABINETS
DB27-3,Espresso Shaker,389.0,BASE CABINETS
DB30-3,Espresso Shaker,404.0,BASE CABINETS
DB33-3,Espresso Shaker,482.0,BASE CABINETS
DB36-3,Espresso Shaker,482.0,BASE CABINETS
LS3309,Espresso Shaker,528.0,BASE CABINETS
LS3612,Espresso Shaker,539.0,BASE CABINETS
BEA12L/R,Espresso Shaker,223.0,BASE CABINETS
BES09L/R,Espresso Shaker,200.0,BASE CABINETS
B06,Metallic Shaker,93.0,BASE CABINETS
B09,Metallic Shaker,162.0,BASE CABINETS
B12,Metallic Shaker,182.0,BASE CABINETS
B15,Metallic Shaker,213.0,BASE CABINETS
B18,Metallic Shaker,230.0,BASE CABINETS
B21,Metallic Shaker,255.0,BASE CABINETS
B24,Metallic Shaker,283.0,BASE CABINETS
B27,Metallic Shaker,327.0,BASE CABINETS
B30,Metallic Shaker,355.0,BASE CABINETS
B33,Metallic Shaker,376.0,BASE CABINETS
B36,Metallic Shaker,397.0,BASE CABINETS
B39,Metallic Shaker,412.0,BASE CABINETS
B42,Metallic Shaker,423.0,BASE CABINETS
BM30,Metallic Shaker,355.0,BASE CABINETS
BSR09,Metallic Shaker,198.0,BASE CABINETS
BWBK18,Metallic Shaker,309.0,BASE CABINETS
BBC33(39),Metallic Shaker,346.0,BASE CABINETS
BBC42(45),Metallic Shaker,470.0,BASE CABINETS
LS3309,Metallic Shaker,554.0,BASE CABINETS
LS3612,Metallic Shaker,566.0,BASE CABINETS
BEA12L/R,Metallic Shaker,234.0,BASE CABINETS
BES09L/R,Metallic Shaker,210.0,BASE CABINETS
DB12-3,Metallic Shaker,280.0,BASE CABINETS
DB15-3,Metallic Shaker,315.0,BASE CABINETS
DB18-3,Metallic Shaker,336.0,BASE CABINETS
DB21-3,Metallic Shaker,369.0,BASE CABINETS
DB24-3,Metallic Shaker,397.0,BASE CABINETS
DB27-3,Metallic Shaker,408.0,BASE CABINETS
DB30-3,Metallic Shaker,424.0,BASE CABINETS
DB33-3,Metallic Shaker,506.0,BASE CABINETS
DB36-3,Metallic Shaker,509.0,BASE CABINETS
B06,Blue Shaker,95.0,BASE CABINETS
B09,Blue Shaker,169.0,BASE CABINETS
B12,Blue Shaker,182.0,BASE CABINETS
B15,Blue Shaker,213.0,BASE CABINETS
B18,Blue Shaker,230.0,BASE CABINETS
B21,Blue Shaker,259.0,BASE CABINETS
B24,Blue Shaker,289.0,BASE CABINETS
B27,Blue Shaker,337.0,BASE CABINETS
B30,Blue Shaker,385.0,BASE CABINETS
B33,Blue Shaker,404.0,BASE CABINETS
B36,Blue Shaker,423.0,BASE CABINETS
B39,Blue Shaker,442.0,BASE CABINETS
B42,Blue Shaker,487.0,BASE CABINETS
BM30,Blue Shaker,384.0,BASE CABINETS
BSR09,Blue Shaker,187.0,BASE CABINETS
BWBK18,Blue Shaker,339.0,BASE CABINETS
BBC33(39),Blue Shaker,408.0,BASE CABINETS
BBC42(45),Blue Shaker,502.0,BASE CABINETS
LS3309,Blue Shaker,628.0,BASE CABINETS
LS3612,Blue Shaker,640.0,BASE CABINETS
BEA12L/R,Blue Shaker,265.0,BASE CABINETS
BES09L/R,Blue Shaker,229.0,BASE CABINETS
DB12-3,Blue Shaker,328.0,BASE CABINETS
DB15-3,Blue Shaker,338.0,BASE CABINETS
DB18-3,Blue Shaker,361.0,BASE CABINETS
DB21-3,Blue Shaker,389.0,BASE CABINETS
DB24-3,Blue Shaker,409.0,BASE CABINETS
DB27-3,Blue Shaker,457.0,BASE CABINETS
DB30-3,Blue Shaker,478.0,BASE CABINETS
DB33-3,Blue Shaker,576.0,BASE CABINETS
DB36-3,Blue Shaker,576.0,BASE CABINETS
B06,Natural Wood,95.0,BASE CABINETS
B09,Natural Wood,169.0,BASE CABINETS
B12,Natural Wood,182.0,BASE CABINETS
B15,Natural Wood,213.0,BASE CABINETS
B18,Natural Wood,230.0,BASE CABINETS
B21,Natural Wood,259.0,BASE CABINETS
B24,Natural Wood,289.0,BASE CABINETS
B27,Natural Wood,337.0,BASE CABINETS
B30,Natural Wood,385.0,BASE CABINETS
B33,Natural Wood,404.0,BASE CABINETS
B36,Natural Wood,423.0,BASE CABINETS
B39,Natural Wood,442.0,BASE CABINETS
B42,Natural Wood,487.0,BASE CABINETS
BM30,Natural Wood,384.0,BASE CABINETS
BSR09,Natural Wood,187.0,BASE CABINETS
BWBK18,Natural Wood,339.0,BASE CABINETS
BBC33(39),Natural Wood,408.0,BASE CABINETS
BBC42(45),Natural Wood,502.0,BASE CABINETS
LS3309,Natural Wood,628.0,BASE CABINETS
LS3612,Natural Wood,640.0,BASE CABINETS
BEA12L/R,Natural Wood,265.0,BASE CABINETS
BES09L/R,Natural Wood,229.0,BASE CABINETS
DB12-3,Natural Wood,328.0,BASE CABINETS
DB15-3,Natural Wood,338.0,BASE CABINETS
DB18-3,Natural Wood,361.0,BASE CABINETS
DB21-3,Natural Wood,389.0,BASE CABINETS
DB24-3,Natural Wood,409.0,BASE CABINETS
DB27-3,Natural Wood,457.0,BASE CABINETS
DB30-3,Natural Wood,478.0,BASE CABINETS
DB33-3,Natural Wood,576.0,BASE CABINETS
DB36-3,Natural Wood,576.0,BASE CABINETS
B06,Midnight Espresso,95.0,BASE CABINETS
B09,Midnight Espresso,169.0,BASE CABINETS
B12,Midnight Espresso,182.0,BASE CABINETS
B15,Midnight Espresso,213.0,BASE CABINETS
B18,Midnight Espresso,230.0,BASE CABINETS
B21,Midnight Espresso,259.0,BASE CABINETS
B24,Midnight Espresso,289.0,BASE CABINETS
B27,Midnight Espresso,337.0,BASE CABINETS
B30,Midnight Espresso,385.0,BASE CABINETS
B33,Midnight Espresso,404.0,BASE CABINETS
B36,Midnight Espresso,423.0,BASE CABINETS
B39,Midnight Espresso,442.0,BASE CABINETS
B42,Midnight Espresso,487.0,BASE CABINETS
BM30,Midnight Espresso,384.0,BASE CABINETS
BSR09,Midnight Espresso,209.0,BASE CABINETS
BWBK18,Midnight Espresso,339.0,BASE CABINETS
BBC33(39),Midnight Espresso,408.0,BASE CABINETS
BBC42(45),Midnight Espresso,502.0,BASE CABINETS
DB12-3,Midnight Espresso,328.0,BASE CABINETS
DB15-3,Midnight Espresso,338.0,BASE CABINETS
DB18-3,Midnight Espresso,361.0,BASE CABINETS
DB21-3,Midnight Espresso,389.0,BASE CABINETS
DB24-3,Midnight Espresso,409.0,BASE CABINETS
DB27-3,Midnight Espresso,457.0,BASE CABINETS
DB30-3,Midnight Espresso,478.0,BASE CABINETS
DB33-3,Midnight Espresso,576.0,BASE CABINETS
DB36-3,Midnight Espresso,576.0,BASE CABINETS
LS3309,Midnight Espresso,628.0,BASE CABINETS
LS3612,Midnight Espresso,640.0,BASE CABINETS
BEA12L/R,Midnight Espresso,265.0,BASE CABINETS
BES09L/R,Midnight Espresso,229.0,BASE CABINETS
B06,Cognac,95.0,BASE CABINETS
B09,Cognac,169.0,BASE CABINETS
B12,Cognac,182.0,BASE CABINETS
B15,Cognac,213.0,BASE CABINETS
B18,Cognac,230.0,BASE CABINETS
B21,Cognac,259.0,BASE CABINETS
B24,Cognac,289.0,BASE CABINETS
B27,Cognac,337.0,BASE CABINETS
B30,Cognac,385.0,BASE CABINETS
B33,Cognac,404.0,BASE CABINETS
B36,Cognac,423.0,BASE CABINETS
B39,Cognac,442.0,BASE CABINETS
B42,Cognac,487.0,BASE CABINETS
BM30,Cognac,384.0,BASE CABINETS
BSR09,Cognac,209.0,BASE CABINETS
BWBK18,Cognac,339.0,BASE CABINETS
BBC33(39),Cognac,408.0,BASE CABINETS
BBC42(45),Cognac,502.0,BASE CABINETS
DB12-3,Cognac,328.0,BASE CABINETS
DB15-3,Cognac,338.0,BASE CABINETS
DB18-3,Cognac,361.0,BASE CABINETS
DB21-3,Cognac,389.0,BASE CABINETS
DB24-3,Cognac,409.0,BASE CABINETS
DB27-3,Cognac,457.0,BASE CABINETS
DB30-3,Cognac,478.0,BASE CABINETS
DB33-3,Cognac,576.0,BASE CABINETS
DB36-3,Cognac,576.0,BASE CABINETS
LS3309,Cognac,628.0,BASE CABINETS
LS3612,Cognac,640.0,BASE CABINETS
BEA12L/R,Cognac,265.0,BASE CABINETS
BES09L/R,Cognac,229.0,BASE CABINETS
B06,Antique White,95.0,BASE CABINETS
B09,Antique White,171.0,BASE CABINETS
B12,Antique White,197.0,BASE CABINETS
B15,Antique White,225.0,BASE CABINETS
B18,Antique White,243.0,BASE CABINETS
B21,Antique White,270.0,BASE CABINETS
B24,Antique White,300.0,BASE CABINETS
B27,Antique White,344.0,BASE CABINETS
B30,Antique White,390.0,BASE CABINETS
B33,Antique White,433.0,BASE CABINETS
B36,Antique White,451.0,BASE CABINETS
B39,Antique White,468.0,BASE CABINETS
B42,Antique White,510.0,BASE CABINETS
BM30,Antique White,390.0,BASE CABINETS
BSR09,Antique White,209.0,BASE CABINETS
BWBK18,Antique White,281.0,BASE CABINETS
BBC33(39),Antique White,408.0,BASE CABINETS
BBC42(45),Antique White,502.0,BASE CABINETS
DB12-3,Antique White,328.0,BASE CABINETS
DB15-3,Antique White,338.0,BASE CABINETS
DB18-3,Antique White,361.0,BASE CABINETS
DB21-3,Antique White,389.0,BASE CABINETS
DB24-3,Antique White,423.0,BASE CABINETS
DB27-3,Antique White,462.0,BASE CABINETS
DB30-3,Antique White,500.0,BASE CABINETS
DB33-3,Antique White,594.0,BASE CABINETS
DB36-3,Antique White,594.0,BASE CABINETS
LS3309,Antique White,628.0,BASE CABINETS
LS3612,Antique White,640.0,BASE CABINETS
BEA12L/R,Antique White,283.0,BASE CABINETS
BES09L/R,Antique White,229.0,BASE CABINETS
SB30,Elegant White,301.0,SINK BASES
SB33,Elegant White,321.0,SINK BASES
SB36,Elegant White,334.0,SINK BASES
SB39,Elegant White,381.0,SINK BASES
SB42,Elegant White,392.0,SINK BASES
FSB36,Elegant White,404.0,SINK BASES
NCSB42,Elegant White,406.0,SINK BASES
SB30,Grey Shaker,301.0,SINK BASES
SB33,Grey Shaker,321.0,SINK BASES
SB36,Grey Shaker,334.0,SINK BASES
SB39,Grey Shaker,381.0,SINK BASES
SB42,Grey Shaker,392.0,SINK BASES
FSB36,Grey Shaker,404.0,SINK BASES
NCSB42,Grey Shaker,406.0,SINK BASES
SB30,Espresso Shaker,301.0,SINK BASES
SB33,Espresso Shaker,321.0,SINK BASES
SB36,Espresso Shaker,334.0,SINK BASES
SB39,Espresso Shaker,381.0,SINK BASES
SB42,Espresso Shaker,392.0,SINK BASES
FSB36,Espresso Shaker,404.0,SINK BASES
NCSB42,Espresso Shaker,406.0,SINK BASES
SB30,Metallic Shaker,316.0,SINK BASES
SB33,Metallic Shaker,338.0,SINK BASES
SB36,Metallic Shaker,351.0,SINK BASES
SB39,Metallic Shaker,400.0,SINK BASES
SB42,Metallic Shaker,412.0,SINK BASES
FSB36,Metallic Shaker,424.0,SINK BASES
NCSB42,Metallic Shaker,427.0,SINK BASES
SB30,Blue Shaker,378.0,SINK BASES
SB33,Blue Shaker,394.0,SINK BASES
SB36,Blue Shaker,410.0,SINK BASES
SB39,Blue Shaker,468.0,SINK BASES
SB42,Blue Shaker,482.0,SINK BASES
FSB36,Blue Shaker,424.0,SINK BASES
NCSB42,Blue Shaker,400.0,SINK BASES
SB30,Natural Wood,378.0,SINK BASES
SB33,Natural Wood,394.0,SINK BASES
SB36,Natural Wood,410.0,SINK BASES
SB39,Natural Wood,468.0,SINK BASES
SB42,Natural Wood,482.0,SINK BASES
FSB36,Natural Wood,424.0,SINK BASES
NCSB42,Natural Wood,400.0,SINK BASES
SB30,Midnight Espresso,378.0,SINK BASES
SB33,Midnight Espresso,394.0,SINK BASES
SB36,Midnight Espresso,410.0,SINK BASES
SB39,Midnight Espresso,468.0,SINK BASES
SB42,Midnight Espresso,482.0,SINK BASES
FSB36,Midnight Espresso,424.0,SINK BASES
NCSB42,Midnight Espresso,400.0,SINK BASES
SB30,Cognac,378.0,SINK BASES
SB33,Cognac,394.0,SINK BASES
SB36,Cognac,410.0,SINK BASES
SB39,Cognac,468.0,SINK BASES
SB42,Cognac,482.0,SINK BASES
FSB36,Cognac,424.0,SINK BASES
NCSB42,Cognac,400.0,SINK BASES
SB30,Antique White,378.0,SINK BASES
SB33,Antique White,394.0,SINK BASES
SB36,Antique White,410.0,SINK BASES
SB39,Antique White,468.0,SINK BASES
SB42,Antique White,482.0,SINK BASES
FSB36,Antique White,424.0,SINK BASES
NCSB42,Antique White,444.0,SINK BASES
WP1884,Elegant White,625.0,WALL PANTRIES
WP1890,Elegant White,648.0,WALL PANTRIES
WP1896,Elegant White,675.0,WALL PANTRIES
WP2484,Elegant White,705.0,WALL PANTRIES
WP2490,Elegant White,733.0,WALL PANTRIES
WP2496,Elegant White,763.0,WALL PANTRIES
WP3084,Elegant White,780.0,WALL PANTRIES
WP3090,Elegant White,810.0,WALL PANTRIES
WP3096,Elegant White,844.0,WALL PANTRIES
WP1884,Grey Shaker,625.0,WALL PANTRIES
WP1890,Grey Shaker,648.0,WALL PANTRIES
WP1896,Grey Shaker,675.0,WALL PANTRIES
WP2484,Grey Shaker,705.0,WALL PANTRIES
WP2490,Grey Shaker,733.0,WALL PANTRIES
WP2496,Grey Shaker,763.0,WALL PANTRIES
WP3084,Grey Shaker,780.0,WALL PANTRIES
WP3090,Grey Shaker,810.0,WALL PANTRIES
WP3096,Grey Shaker,844.0,WALL PANTRIES
WP1884,Espresso Shaker,625.0,WALL PANTRIES
WP1890,Espresso Shaker,648.0,WALL PANTRIES
WP1896,Espresso Shaker,675.0,WALL PANTRIES
WP2484,Espresso Shaker,705.0,WALL PANTRIES
WP2490,Espresso Shaker,733.0,WALL PANTRIES
WP2496,Espresso Shaker,763.0,WALL PANTRIES
WP3084,Espresso Shaker,780.0,WALL PANTRIES
WP3090,Espresso Shaker,810.0,WALL PANTRIES
WP3096,Espresso Shaker,844.0,WALL PANTRIES
WP1884,Metallic Shaker,656.0,WALL PANTRIES
WP1890,Metallic Shaker,680.0,WALL PANTRIES
WP1896,Metallic Shaker,708.0,WALL PANTRIES
WP2484,Metallic Shaker,740.0,WALL PANTRIES
WP2490,Metallic Shaker,769.0,WALL PANTRIES
WP2496,Metallic Shaker,801.0,WALL PANTRIES
WP3084,Metallic Shaker,819.0,WALL PANTRIES
WP3090,Metallic Shaker,850.0,WALL PANTRIES
WP3096,Metallic Shaker,886.0,WALL PANTRIES
WP1884,Blue Shaker,734.0,WALL PANTRIES
WP1890,Blue Shaker,763.0,WALL PANTRIES
WP1896,Blue Shaker,791.0,WALL PANTRIES
WP2484,Blue Shaker,823.0,WALL PANTRIES
WP2490,Blue Shaker,856.0,WALL PANTRIES
WP2496,Blue Shaker,888.0,WALL PANTRIES
WP3084,Blue Shaker,910.0,WALL PANTRIES
WP3090,Blue Shaker,918.0,WALL PANTRIES
WP3096,Blue Shaker,985.0,WALL PANTRIES
WP1884,Natural Wood,734.0,WALL PANTRIES
WP1890,Natural Wood,763.0,WALL PANTRIES
WP1896,Natural Wood,791.0,WALL PANTRIES
WP2484,Natural Wood,823.0,WALL PANTRIES
WP2490,Natural Wood,856.0,WALL PANTRIES
WP2496,Natural Wood,888.0,WALL PANTRIES
WP3084,Natural Wood,910.0,WALL PANTRIES
WP3090,Natural Wood,918.0,WALL PANTRIES
WP3096,Natural Wood,985.0,WALL PANTRIES
WP188427,Midnight Espresso,734.0,WALL PANTRIES
WP189027,Midnight Espresso,763.0,WALL PANTRIES
WP189627,Midnight Espresso,791.0,WALL PANTRIES
WP248427,Midnight Espresso,823.0,WALL PANTRIES
WP249027,Midnight Espresso,856.0,WALL PANTRIES
WP249627,Midnight Espresso,888.0,WALL PANTRIES
WP308427,Midnight Espresso,910.0,WALL PANTRIES
WP309027,Midnight Espresso,918.0,WALL PANTRIES
WP309627,Midnight Espresso,985.0,WALL PANTRIES
WP188427,Cognac,734.0,WALL PANTRIES
WP189027,Cognac,763.0,WALL PANTRIES
WP189627,Cognac,791.0,WALL PANTRIES
WP248427,Cognac,823.0,WALL PANTRIES
WP249027,Cognac,856.0,WALL PANTRIES
WP249627,Cognac,888.0,WALL PANTRIES
WP308427,Cognac,910.0,WALL PANTRIES
WP309027,Cognac,918.0,WALL PANTRIES
WP309627,Cognac,985.0,WALL PANTRIES
WP188427,Antique White,772.0,WALL PANTRIES
WP189027,Antique White,801.0,WALL PANTRIES
WP189627,Antique White,833.0,WALL PANTRIES
WP248427,Antique White,871.0,WALL PANTRIES
WP249027,Antique White,905.0,WALL PANTRIES
WP249627,Antique White,942.0,WALL PANTRIES
WP308427,Antique White,962.0,WALL PANTRIES
WP309027,Antique White,999.0,WALL PANTRIES
WP309627,Antique White,1042.0,WALL PANTRIES
3015WR,Elegant White,135.0,WINE RACKS
3024WR,Elegant White,216.0,WINE RACKS
361212WR,Elegant White,149.0,WINE RACKS
361812WR,Elegant White,194.0,WINE RACKS
362412WR,Elegant White,257.0,WINE RACKS
3015WR,Grey Shaker,135.0,WINE RACKS
3024WR,Grey Shaker,216.0,WINE RACKS
361212WR,Grey Shaker,149.0,WINE RACKS
361812WR,Grey Shaker,194.0,WINE RACKS
362412WR,Grey Shaker,257.0,WINE RACKS
3015WR,Espresso Shaker,135.0,WINE RACKS
3024WR,Espresso Shaker,216.0,WINE RACKS
361212WR,Espresso Shaker,149.0,WINE RACKS
361812WR,Espresso Shaker,194.0,WINE RACKS
362412WR,Espresso Shaker,257.0,WINE RACKS
W0930,Elegant White,99.0,WALL CABINETS
W0936,Elegant White,116.0,WALL CABINETS
W0942,Elegant White,125.0,WALL CABINETS
W1215,Elegant White,120.0,WALL CABINETS
W1218,Elegant White,120.0,WALL CABINETS
W1230,Elegant White,120.0,WALL CABINETS
W1236,Elegant White,140.0,WALL CABINETS
W1242,Elegant White,151.0,WALL CABINETS
W1515,Elegant White,138.0,WALL CABINETS
W1518,Elegant White,139.0,WALL CABINETS
W1530,Elegant White,144.0,WALL CABINETS
W1536,Elegant White,170.0,WALL CABINETS
W1542,Elegant White,181.0,WALL CABINETS
W1815,Elegant White,138.0,WALL CABINETS
W1818,Elegant White,149.0,WALL CABINETS
W1830,Elegant White,163.0,WALL CABINETS
W1836,Elegant White,181.0,WALL CABINETS
W1842,Elegant White,204.0,WALL CABINETS
W2115,Elegant White,138.0,WALL CABINETS
W2118,Elegant White,148.0,WALL CABINETS
W2130,Elegant White,181.0,WALL CABINETS
W2136,Elegant White,214.0,WALL CABINETS
W2142,Elegant White,227.0,WALL CABINETS
W2415,Elegant White,147.0,WALL CABINETS
W2418,Elegant White,159.0,WALL CABINETS
W2430,Elegant White,200.0,WALL CABINETS
W2436,Elegant White,225.0,WALL CABINETS
W2442,Elegant White,240.0,WALL CABINETS
W2715,Elegant White,156.0,WALL CABINETS
W2718,Elegant White,179.0,WALL CABINETS
W2730,Elegant White,215.0,WALL CABINETS
W2736,Elegant White,253.0,WALL CABINETS
W2742,Elegant White,271.0,WALL CABINETS
W3012,Elegant White,142.0,WALL CABINETS
W3015,Elegant White,149.0,WALL CABINETS
W3018,Elegant White,162.0,WALL CABINETS
W3024,Elegant White,189.0,WALL CABINETS
W3030,Elegant White,239.0,WALL CABINETS
W3036,Elegant White,282.0,WALL CABINETS
W3042,Elegant White,301.0,WALL CABINETS
W3312,Elegant White,162.0,WALL CABINETS
W3315,Elegant White,167.0,WALL CABINETS
W3318,Elegant White,173.0,WALL CABINETS
W3324,Elegant White,210.0,WALL CABINETS
W3330,Elegant White,252.0,WALL CABINETS
W3336,Elegant White,297.0,WALL CABINETS
W3342,Elegant White,316.0,WALL CABINETS
W3612,Elegant White,148.0,WALL CABINETS
W3615,Elegant White,178.0,WALL CABINETS
W3618,Elegant White,194.0,WALL CABINETS
W3624,Elegant White,233.0,WALL CABINETS
W3630,Elegant White,265.0,WALL CABINETS
W3636,Elegant White,311.0,WALL CABINETS
W3642,Elegant White,332.0,WALL CABINETS
W3912,Elegant White,162.0,WALL CABINETS
W3915,Elegant White,201.0,WALL CABINETS
W3918,Elegant White,205.0,WALL CABINETS
W3924,Elegant White,256.0,WALL CABINETS
W3930,Elegant White,276.0,WALL CABINETS
W3936,Elegant White,323.0,WALL CABINETS
W3942,Elegant White,346.0,WALL CABINETS
W361224,Elegant White,185.0,WALL CABINETS
W361824,Elegant White,238.0,WALL CABINETS
W362124,Elegant White,261.0,WALL CABINETS
W362424,Elegant White,268.0,WALL CABINETS
WES0930L/R,Elegant White,109.0,WALL CABINETS
WES0936L/R,Elegant White,128.0,WALL CABINETS
WES0942L/R,Elegant White,133.0,WALL CABINETS
WM273012,Elegant White,240.0,WALL CABINETS
WM273612,Elegant White,283.0,WALL CABINETS
WM274212,Elegant White,300.0,WALL CABINETS
WM303021,Elegant White,308.0,WALL CABINETS
WM303621,Elegant White,356.0,WALL CABINETS
WM304221,Elegant White,375.0,WALL CABINETS
W0930,Grey Shaker,99.0,WALL CABINETS
W0936,Grey Shaker,116.0,WALL CABINETS
W0942,Grey Shaker,125.0,WALL CABINETS
W1215,Grey Shaker,120.0,WALL CABINETS
W1218,Grey Shaker,120.0,WALL CABINETS
W1230,Grey Shaker,120.0,WALL CABINETS
W1236,Grey Shaker,140.0,WALL CABINETS
W1242,Grey Shaker,151.0,WALL CABINETS
W1515,Grey Shaker,138.0,WALL CABINETS
W1518,Grey Shaker,139.0,WALL CABINETS
W1530,Grey Shaker,144.0,WALL CABINETS
W1536,Grey Shaker,170.0,WALL CABINETS
W1542,Grey Shaker,181.0,WALL CABINETS
W1815,Grey Shaker,138.0,WALL CABINETS
W1818,Grey Shaker,149.0,WALL CABINETS
W1830,Grey Shaker,163.0,WALL CABINETS
W1836,Grey Shaker,181.0,WALL CABINETS
W1842,Grey Shaker,204.0,WALL CABINETS
W2115,Grey Shaker,138.0,WALL CABINETS
W2118,Grey Shaker,148.0,WALL CABINETS
W2130,Grey Shaker,181.0,WALL CABINETS
W2136,Grey Shaker,214.0,WALL CABINETS
W2142,Grey Shaker,227.0,WALL CABINETS
W2415,Grey Shaker,147.0,WALL CABINETS
W2418,Grey Shaker,159.0,WALL CABINETS
W2430,Grey Shaker,200.0,WALL CABINETS
W2436,Grey Shaker,225.0,WALL CABINETS
W2442,Grey Shaker,240.0,WALL CABINETS
W2715,Grey Shaker,156.0,WALL CABINETS
W2718,Grey Shaker,179.0,WALL CABINETS
W2730,Grey Shaker,215.0,WALL CABINETS
W2736,Grey Shaker,253.0,WALL CABINETS
W2742,Grey Shaker,271.0,WALL CABINETS
W3012,Grey Shaker,142.0,WALL CABINETS
W3015,Grey Shaker,149.0,WALL CABINETS
W3018,Grey Shaker,162.0,WALL CABINETS
W3024,Grey Shaker,189.0,WALL CABINETS
W3030,Grey Shaker,239.0,WALL CABINETS
W3036,Grey Shaker,282.0,WALL CABINETS
W3042,Grey Shaker,301.0,WALL CABINETS
W3312,Grey Shaker,162.0,WALL CABINETS
W3315,Grey Shaker,167.0,WALL CABINETS
W3318,Grey Shaker,173.0,WALL CABINETS
W3324,Grey Shaker,210.0,WALL CABINETS
W3330,Grey Shaker,252.0,WALL CABINETS
W3336,Grey Shaker,297.0,WALL CABINETS
W3342,Grey Shaker,316.0,WALL CABINETS
W3612,Grey Shaker,148.0,WALL CABINETS
W3615,Grey Shaker,178.0,WALL CABINETS
W3618,Grey Shaker,194.0,WALL CABINETS
W3624,Grey Shaker,233.0,WALL CABINETS
W3630,Grey Shaker,265.0,WALL CABINETS
W3636,Grey Shaker,311.0,WALL CABINETS
W3642,Grey Shaker,332.0,WALL CABINETS
W3912,Grey Shaker,162.0,WALL CABINETS
W3915,Grey Shaker,201.0,WALL CABINETS
W3918,Grey Shaker,205.0,WALL CABINETS
W3924,Grey Shaker,256.0,WALL CABINETS
W3930,Grey Shaker,276.0,WALL CABINETS
W3936,Grey Shaker,323.0,WALL CABINETS
W3942,Grey Shaker,346.0,WALL CABINETS
W361224,Grey Shaker,185.0,WALL CABINETS
W361824,Grey Shaker,238.0,WALL CABINETS
W362124,Grey Shaker,261.0,WALL CABINETS
W362424,Grey Shaker,268.0,WALL CABINETS
WES0930L/R,Grey Shaker,109.0,WALL CABINETS
WES0936L/R,Grey Shaker,128.0,WALL CABINETS
WES0942L/R,Grey Shaker,133.0,WALL CABINETS
WM273012,Grey Shaker,240.0,WALL CABINETS
WM273612,Grey Shaker,283.0,WALL CABINETS
WM274212,Grey Shaker,300.0,WALL CABINETS
WM303021,Grey Shaker,308.0,WALL CABINETS
WM303621,Grey Shaker,356.0,WALL CABINETS
WM304221,Grey Shaker,375.0,WALL CABINETS
W0930,Espresso Shaker,99.0,WALL CABINETS
W0936,Espresso Shaker,116.0,WALL CABINETS
W0942,Espresso Shaker,125.0,WALL CABINETS
W1215,Espresso Shaker,120.0,WALL CABINETS
W1218,Espresso Shaker,120.0,WALL CABINETS
W1230,Espresso Shaker,120.0,WALL CABINETS
W1236,Espresso Shaker,140.0,WALL CABINETS
W1242,Espresso Shaker,151.0,WALL CABINETS
W1515,Espresso Shaker,138.0,WALL CABINETS
W1518,Espresso Shaker,139.0,WALL CABINETS
W1530,Espresso Shaker,144.0,WALL CABINETS
W1536,Espresso Shaker,170.0,WALL CABINETS
W1542,Espresso Shaker,181.0,WALL CABINETS
W1815,Espresso Shaker,138.0,WALL CABINETS
W1818,Espresso Shaker,149.0,WALL CABINETS
W1830,Espresso Shaker,163.0,WALL CABINETS
W1836,Espresso Shaker,181.0,WALL CABINETS
W1842,Espresso Shaker,204.0,WALL CABINETS
W2115,Espresso Shaker,138.0,WALL CABINETS
W2118,Espresso Shaker,148.0,WALL CABINETS
W2130,Espresso Shaker,181.0,WALL CABINETS
W2136,Espresso Shaker,214.0,WALL CABINETS
W2142,Espresso Shaker,227.0,WALL CABINETS
W2415,Espresso Shaker,147.0,WALL CABINETS
W2418,Espresso Shaker,159.0,WALL CABINETS
W2430,Espresso Shaker,200.0,WALL CABINETS
W2436,Espresso Shaker,225.0,WALL CABINETS
W2442,Espresso Shaker,240.0,WALL CABINETS
W2715,Espresso Shaker,156.0,WALL CABINETS
W2718,Espresso Shaker,179.0,WALL CABINETS
W2730,Espresso Shaker,215.0,WALL CABINETS
W2736,Espresso Shaker,253.0,WALL CABINETS
W2742,Espresso Shaker,271.0,WALL CABINETS
W3012,Espresso Shaker,142.0,WALL CABINETS
W3015,Espresso Shaker,149.0,WALL CABINETS
W3018,Espresso Shaker,162.0,WALL CABINETS
W3024,Espresso Shaker,189.0,WALL CABINETS
W3030,Espresso Shaker,239.0,WALL CABINETS
W3036,Espresso Shaker,282.0,WALL CABINETS
W3042,Espresso Shaker,301.0,WALL CABINETS
W3312,Espresso Shaker,162.0,WALL CABINETS
W3315,Espresso Shaker,167.0,WALL CABINETS
W3318,Espresso Shaker,173.0,WALL CABINETS
W3324,Espresso Shaker,210.0,WALL CABINETS
W3330,Espresso Shaker,252.0,WALL CABINETS
W3336,Espresso Shaker,297.0,WALL CABINETS
W3342,Espresso Shaker,316.0,WALL CABINETS
W3612,Espresso Shaker,148.0,WALL CABINETS
W3615,Espresso Shaker,178.0,WALL CABINETS
W3618,Espresso Shaker,194.0,WALL CABINETS
W3624,Espresso Shaker,233.0,WALL CABINETS
W3630,Espresso Shaker,265.0,WALL CABINETS
W3636,Espresso Shaker,311.0,WALL CABINETS
W3642,Espresso Shaker,332.0,WALL CABINETS
W3912,Espresso Shaker,162.0,WALL CABINETS
W3915,Espresso Shaker,201.0,WALL CABINETS
W3918,Espresso Shaker,205.0,WALL CABINETS
W3924,Espresso Shaker,256.0,WALL CABINETS
W3930,Espresso Shaker,276.0,WALL CABINETS
W3936,Espresso Shaker,323.0,WALL CABINETS
W3942,Espresso Shaker,346.0,WALL CABINETS
W361224,Espresso Shaker,185.0,WALL CABINETS
W361824,Espresso Shaker,238.0,WALL CABINETS
W362124,Espresso Shaker,261.0,WALL CABINETS
W362424,Espresso Shaker,268.0,WALL CABINETS
WES0930L/R,Espresso Shaker,109.0,WALL CABINETS
WES0936L/R,Espresso Shaker,128.0,WALL CABINETS
WES0942L/R,Espresso Shaker,133.0,WALL CABINETS
WM273012,Espresso Shaker,240.0,WALL CABINETS
WM273612,Espresso Shaker,283.0,WALL CABINETS
WM274212,Espresso Shaker,300.0,WALL CABINETS
WM303021,Espresso Shaker,308.0,WALL CABINETS
WM303621,Espresso Shaker,356.0,WALL CABINETS
WM304221,Espresso Shaker,375.0,WALL CABINETS
W0930,Metallic Shaker,104.0,WALL CABINETS
W0936,Metallic Shaker,122.0,WALL CABINETS
W0942,Metallic Shaker,132.0,WALL CABINETS
W1215,Metallic Shaker,126.0,WALL CABINETS
W1218,Metallic Shaker,126.0,WALL CABINETS
W1230,Metallic Shaker,126.0,WALL CABINETS
W1236,Metallic Shaker,148.0,WALL CABINETS
W1242,Metallic Shaker,158.0,WALL CABINETS
W1515,Metallic Shaker,145.0,WALL CABINETS
W1518,Metallic Shaker,146.0,WALL CABINETS
W1530,Metallic Shaker,151.0,WALL CABINETS
W1536,Metallic Shaker,178.0,WALL CABINETS
W1542,Metallic Shaker,190.0,WALL CABINETS
W1815,Metallic Shaker,145.0,WALL CABINETS
W1818,Metallic Shaker,156.0,WALL CABINETS
W1830,Metallic Shaker,171.0,WALL CABINETS
W1836,Metallic Shaker,190.0,WALL CABINETS
W1842,Metallic Shaker,214.0,WALL CABINETS
W2115,Metallic Shaker,145.0,WALL CABINETS
W2118,Metallic Shaker,155.0,WALL CABINETS
W2130,Metallic Shaker,190.0,WALL CABINETS
W2136,Metallic Shaker,225.0,WALL CABINETS
W2142,Metallic Shaker,238.0,WALL CABINETS
W2415,Metallic Shaker,154.0,WALL CABINETS
W2418,Metallic Shaker,167.0,WALL CABINETS
W2430,Metallic Shaker,210.0,WALL CABINETS
W2436,Metallic Shaker,237.0,WALL CABINETS
W2442,Metallic Shaker,252.0,WALL CABINETS
W2715,Metallic Shaker,163.0,WALL CABINETS
W2718,Metallic Shaker,188.0,WALL CABINETS
W2730,Metallic Shaker,226.0,WALL CABINETS
W2736,Metallic Shaker,266.0,WALL CABINETS
W2742,Metallic Shaker,284.0,WALL CABINETS
W3012,Metallic Shaker,149.0,WALL CABINETS
W3015,Metallic Shaker,157.0,WALL CABINETS
W3018,Metallic Shaker,170.0,WALL CABINETS
W3024,Metallic Shaker,198.0,WALL CABINETS
W3030,Metallic Shaker,251.0,WALL CABINETS
W3036,Metallic Shaker,296.0,WALL CABINETS
W3042,Metallic Shaker,316.0,WALL CABINETS
W3312,Metallic Shaker,170.0,WALL CABINETS
W3315,Metallic Shaker,175.0,WALL CABINETS
W3318,Metallic Shaker,182.0,WALL CABINETS
W3324,Metallic Shaker,221.0,WALL CABINETS
W3330,Metallic Shaker,264.0,WALL CABINETS
W3336,Metallic Shaker,312.0,WALL CABINETS
W3342,Metallic Shaker,332.0,WALL CABINETS
W3612,Metallic Shaker,155.0,WALL CABINETS
W3615,Metallic Shaker,187.0,WALL CABINETS
W3618,Metallic Shaker,203.0,WALL CABINETS
W3624,Metallic Shaker,245.0,WALL CABINETS
W3630,Metallic Shaker,278.0,WALL CABINETS
W3636,Metallic Shaker,327.0,WALL CABINETS
W3642,Metallic Shaker,348.0,WALL CABINETS
W3912,Metallic Shaker,170.0,WALL CABINETS
W3915,Metallic Shaker,211.0,WALL CABINETS
W3918,Metallic Shaker,215.0,WALL CABINETS
W3924,Metallic Shaker,268.0,WALL CABINETS
W3930,Metallic Shaker,290.0,WALL CABINETS
W3936,Metallic Shaker,339.0,WALL CABINETS
W3942,Metallic Shaker,363.0,WALL CABINETS
W361224,Metallic Shaker,194.0,WALL CABINETS
W361824,Metallic Shaker,250.0,WALL CABINETS
W362124,Metallic Shaker,274.0,WALL CABINETS
W362424,Metallic Shaker,282.0,WALL CABINETS
WES0930L/R,Metallic Shaker,114.0,WALL CABINETS
WES0936L/R,Metallic Shaker,134.0,WALL CABINETS
WES0942L/R,Metallic Shaker,140.0,WALL CABINETS
WM303021,Metallic Shaker,323.0,WALL CABINETS
WM303621,Metallic Shaker,373.0,WALL CABINETS
WM304221,Metallic Shaker,393.0,WALL CABINETS
W0930,Blue Shaker,114.0,WALL CABINETS
W0936,Blue Shaker,135.0,WALL CABINETS
W0942,Blue Shaker,144.0,WALL CABINETS
W1215,Blue Shaker,115.0,WALL CABINETS
W1218,Blue Shaker,129.0,WALL CABINETS
W1230,Blue Shaker,139.0,WALL CABINETS
W1236,Blue Shaker,165.0,WALL CABINETS
W1242,Blue Shaker,173.0,WALL CABINETS
W1515,Blue Shaker,123.0,WALL CABINETS
W1518,Blue Shaker,139.0,WALL CABINETS
W1530,Blue Shaker,168.0,WALL CABINETS
W1536,Blue Shaker,199.0,WALL CABINETS
W1542,Blue Shaker,210.0,WALL CABINETS
W1815,Blue Shaker,131.0,WALL CABINETS
W1818,Blue Shaker,149.0,WALL CABINETS
W1830,Blue Shaker,190.0,WALL CABINETS
W1836,Blue Shaker,211.0,WALL CABINETS
W1842,Blue Shaker,238.0,WALL CABINETS
W2115,Blue Shaker,125.0,WALL CABINETS
W2118,Blue Shaker,159.0,WALL CABINETS
W2130,Blue Shaker,213.0,WALL CABINETS
W2136,Blue Shaker,251.0,WALL CABINETS
W2142,Blue Shaker,266.0,WALL CABINETS
W2415,Blue Shaker,138.0,WALL CABINETS
W2418,Blue Shaker,169.0,WALL CABINETS
W2430,Blue Shaker,232.0,WALL CABINETS
W2436,Blue Shaker,261.0,WALL CABINETS
W2442,Blue Shaker,276.0,WALL CABINETS
W2715,Blue Shaker,163.0,WALL CABINETS
W2718,Blue Shaker,189.0,WALL CABINETS
W2730,Blue Shaker,249.0,WALL CABINETS
W2736,Blue Shaker,295.0,WALL CABINETS
W2742,Blue Shaker,313.0,WALL CABINETS
W3012,Blue Shaker,162.0,WALL CABINETS
W3015,Blue Shaker,171.0,WALL CABINETS
W3018,Blue Shaker,186.0,WALL CABINETS
W3024,Blue Shaker,218.0,WALL CABINETS
W3030,Blue Shaker,278.0,WALL CABINETS
W3036,Blue Shaker,329.0,WALL CABINETS
W3042,Blue Shaker,348.0,WALL CABINETS
W3312,Blue Shaker,176.0,WALL CABINETS
W3315,Blue Shaker,191.0,WALL CABINETS
W3318,Blue Shaker,199.0,WALL CABINETS
W3324,Blue Shaker,243.0,WALL CABINETS
W3330,Blue Shaker,294.0,WALL CABINETS
W3336,Blue Shaker,347.0,WALL CABINETS
W3342,Blue Shaker,367.0,WALL CABINETS
W3612,Blue Shaker,176.0,WALL CABINETS
W3615,Blue Shaker,206.0,WALL CABINETS
W3618,Blue Shaker,224.0,WALL CABINETS
W3624,Blue Shaker,271.0,WALL CABINETS
W3630,Blue Shaker,308.0,WALL CABINETS
W3636,Blue Shaker,363.0,WALL CABINETS
W3642,Blue Shaker,385.0,WALL CABINETS
W3912,Blue Shaker,186.0,WALL CABINETS
W3915,Blue Shaker,221.0,WALL CABINETS
W3918,Blue Shaker,251.0,WALL CABINETS
W3924,Blue Shaker,296.0,WALL CABINETS
W3930,Blue Shaker,321.0,WALL CABINETS
W3936,Blue Shaker,376.0,WALL CABINETS
W3942,Blue Shaker,401.0,WALL CABINETS
W361224,Blue Shaker,213.0,WALL CABINETS
W361824,Blue Shaker,276.0,WALL CABINETS
W362124,Blue Shaker,308.0,WALL CABINETS
W362424,Blue Shaker,313.0,WALL CABINETS
WES0930L/R,Blue Shaker,132.0,WALL CABINETS
WES0936L/R,Blue Shaker,152.0,WALL CABINETS
WES0942L/R,Blue Shaker,158.0,WALL CABINETS
WM273012,Blue Shaker,269.0,WALL CABINETS
WM273612,Blue Shaker,317.0,WALL CABINETS
WM274212,Blue Shaker,336.0,WALL CABINETS
WM303021,Blue Shaker,338.0,WALL CABINETS
WM303621,Blue Shaker,416.0,WALL CABINETS
WM304221,Blue Shaker,494.0,WALL CABINETS
W0930,Natural Wood,114.0,WALL CABINETS
W0936,Natural Wood,135.0,WALL CABINETS
W0942,Natural Wood,144.0,WALL CABINETS
W1215,Natural Wood,115.0,WALL CABINETS
W1218,Natural Wood,129.0,WALL CABINETS
W1230,Natural Wood,139.0,WALL CABINETS
W1236,Natural Wood,165.0,WALL CABINETS
W1242,Natural Wood,173.0,WALL CABINETS
W1515,Natural Wood,123.0,WALL CABINETS
W1518,Natural Wood,139.0,WALL CABINETS
W1530,Natural Wood,168.0,WALL CABINETS
W1536,Natural Wood,199.0,WALL CABINETS
W1542,Natural Wood,210.0,WALL CABINETS
W1815,Natural Wood,131.0,WALL CABINETS
W1818,Natural Wood,149.0,WALL CABINETS
W1830,Natural Wood,190.0,WALL CABINETS
W1836,Natural Wood,211.0,WALL CABINETS
W1842,Natural Wood,238.0,WALL CABINETS
W2115,Natural Wood,125.0,WALL CABINETS
W2118,Natural Wood,159.0,WALL CABINETS
W2130,Natural Wood,213.0,WALL CABINETS
W2136,Natural Wood,251.0,WALL CABINETS
W2142,Natural Wood,266.0,WALL CABINETS
W2415,Natural Wood,138.0,WALL CABINETS
W2418,Natural Wood,169.0,WALL CABINETS
W2430,Natural Wood,223.0,WALL CABINETS
W2436,Natural Wood,261.0,WALL CABINETS
W2442,Natural Wood,276.0,WALL CABINETS
W2715,Natural Wood,163.0,WALL CABINETS
W2718,Natural Wood,189.0,WALL CABINETS
W2730,Natural Wood,249.0,WALL CABINETS
W2736,Natural Wood,295.0,WALL CABINETS
W2742,Natural Wood,313.0,WALL CABINETS
W3012,Natural Wood,162.0,WALL CABINETS
W3015,Natural Wood,171.0,WALL CABINETS
W3018,Natural Wood,186.0,WALL CABINETS
W3024,Natural Wood,218.0,WALL CABINETS
W3030,Natural Wood,278.0,WALL CABINETS
W3036,Natural Wood,329.0,WALL CABINETS
W3042,Natural Wood,348.0,WALL CABINETS
W3312,Natural Wood,175.0,WALL CABINETS
W3315,Natural Wood,191.0,WALL CABINETS
W3318,Natural Wood,199.0,WALL CABINETS
W3324,Natural Wood,243.0,WALL CABINETS
W3330,Natural Wood,294.0,WALL CABINETS
W3336,Natural Wood,347.0,WALL CABINETS
W3342,Natural Wood,367.0,WALL CABINETS
W3612,Natural Wood,176.0,WALL CABINETS
W3615,Natural Wood,206.0,WALL CABINETS
W3618,Natural Wood,224.0,WALL CABINETS
W3624,Natural Wood,271.0,WALL CABINETS
W3630,Natural Wood,308.0,WALL CABINETS
W3636,Natural Wood,363.0,WALL CABINETS
W3642,Natural Wood,385.0,WALL CABINETS
W3912,Natural Wood,186.0,WALL CABINETS
W3915,Natural Wood,221.0,WALL CABINETS
W3918,Natural Wood,251.0,WALL CABINETS
W3924,Natural Wood,296.0,WALL CABINETS
W3930,Natural Wood,321.0,WALL CABINETS
W3936,Natural Wood,376.0,WALL CABINETS
W3942,Natural Wood,401.0,WALL CABINETS
W361224,Natural Wood,213.0,WALL CABINETS
W361824,Natural Wood,276.0,WALL CABINETS
W362124,Natural Wood,308.0,WALL CABINETS
W362424,Natural Wood,313.0,WALL CABINETS
WES0930L/R,Natural Wood,132.0,WALL CABINETS
WES0936L/R,Natural Wood,152.0,WALL CABINETS
WES0942L/R,Natural Wood,158.0,WALL CABINETS
WM273012,Natural Wood,269.0,WALL CABINETS
WM273612,Natural Wood,317.0,WALL CABINETS
WM274212,Natural Wood,336.0,WALL CABINETS
WM303021,Natural Wood,338.0,WALL CABINETS
WM303621,Natural Wood,416.0,WALL CABINETS
WM304221,Natural Wood,494.0,WALL CABINETS
W0930,Midnight Espresso,114.0,WALL CABINETS
W0936,Midnight Espresso,135.0,WALL CABINETS
W0942,Midnight Espresso,144.0,WALL CABINETS
W1215,Midnight Espresso,115.0,WALL CABINETS
W1230,Midnight Espresso,139.0,WALL CABINETS
W1236,Midnight Espresso,165.0,WALL CABINETS
W1242,Midnight Espresso,173.0,WALL CABINETS
W1515,Midnight Espresso,123.0,WALL CABINETS
W1530,Midnight Espresso,168.0,WALL CABINETS
W1536,Midnight Espresso,199.0,WALL CABINETS
W1542,Midnight Espresso,210.0,WALL CABINETS
W1815,Midnight Espresso,131.0,WALL CABINETS
W1830,Midnight Espresso,190.0,WALL CABINETS
W1836,Midnight Espresso,211.0,WALL CABINETS
W1842,Midnight Espresso,238.0,WALL CABINETS
W2115,Midnight Espresso,125.0,WALL CABINETS
W2118,Midnight Espresso,169.0,WALL CABINETS
W2130,Midnight Espresso,213.0,WALL CABINETS
W2136,Midnight Espresso,251.0,WALL CABINETS
W2142,Midnight Espresso,266.0,WALL CABINETS
W2415,Midnight Espresso,138.0,WALL CABINETS
W2418,Midnight Espresso,179.0,WALL CABINETS
W2430,Midnight Espresso,232.0,WALL CABINETS
W2436,Midnight Espresso,261.0,WALL CABINETS
W2442,Midnight Espresso,276.0,WALL CABINETS
W2715,Midnight Espresso,163.0,WALL CABINETS
W2718,Midnight Espresso,199.0,WALL CABINETS
W2730,Midnight Espresso,249.0,WALL CABINETS
W2736,Midnight Espresso,295.0,WALL CABINETS
W2742,Midnight Espresso,313.0,WALL CABINETS
W3012,Midnight Espresso,162.0,WALL CABINETS
W3015,Midnight Espresso,171.0,WALL CABINETS
W3018,Midnight Espresso,186.0,WALL CABINETS
W3024,Midnight Espresso,218.0,WALL CABINETS
W3030,Midnight Espresso,278.0,WALL CABINETS
W3036,Midnight Espresso,329.0,WALL CABINETS
W3042,Midnight Espresso,348.0,WALL CABINETS
W3312,Midnight Espresso,176.0,WALL CABINETS
W3315,Midnight Espresso,191.0,WALL CABINETS
W3318,Midnight Espresso,199.0,WALL CABINETS
W3324,Midnight Espresso,243.0,WALL CABINETS
W3330,Midnight Espresso,294.0,WALL CABINETS
W3336,Midnight Espresso,347.0,WALL CABINETS
W3342,Midnight Espresso,367.0,WALL CABINETS
W3612,Midnight Espresso,176.0,WALL CABINETS
W3615,Midnight Espresso,206.0,WALL CABINETS
W3618,Midnight Espresso,224.0,WALL CABINETS
W3624,Midnight Espresso,271.0,WALL CABINETS
W3630,Midnight Espresso,308.0,WALL CABINETS
W3636,Midnight Espresso,363.0,WALL CABINETS
W3642,Midnight Espresso,385.0,WALL CABINETS
W3912,Midnight Espresso,186.0,WALL CABINETS
W3915,Midnight Espresso,221.0,WALL CABINETS
W3918,Midnight Espresso,251.0,WALL CABINETS
W3924,Midnight Espresso,296.0,WALL CABINETS
W3930,Midnight Espresso,321.0,WALL CABINETS
W3936,Midnight Espresso,376.0,WALL CABINETS
W3942,Midnight Espresso,401.0,WALL CABINETS
W361227,Midnight Espresso,213.0,WALL CABINETS
W361827,Midnight Espresso,276.0,WALL CABINETS
W362127,Midnight Espresso,308.0,WALL CABINETS
W362427,Midnight Espresso,313.0,WALL CABINETS
WES0930L/R,Midnight Espresso,132.0,WALL CABINETS
WES0936L/R,Midnight Espresso,152.0,WALL CABINETS
WES0942L/R,Midnight Espresso,158.0,WALL CABINETS
WM303021,Midnight Espresso,338.0,WALL CABINETS
WM303621,Midnight Espresso,416.0,WALL CABINETS
WM304221,Midnight Espresso,494.0,WALL CABINETS
W0930,Cognac,114.0,WALL CABINETS
W0936,Cognac,135.0,WALL CABINETS
W0942,Cognac,144.0,WALL CABINETS
W1215,Cognac,115.0,WALL CABINETS
W1230,Cognac,139.0,WALL CABINETS
W1236,Cognac,165.0,WALL CABINETS
W1242,Cognac,173.0,WALL CABINETS
W1515,Cognac,123.0,WALL CABINETS
W1530,Cognac,168.0,WALL CABINETS
W1536,Cognac,199.0,WALL CABINETS
W1542,Cognac,210.0,WALL CABINETS
W1815,Cognac,131.0,WALL CABINETS
W1830,Cognac,190.0,WALL CABINETS
W1836,Cognac,211.0,WALL CABINETS
W1842,Cognac,238.0,WALL CABINETS
W2115,Cognac,125.0,WALL CABINETS
W2118,Cognac,169.0,WALL CABINETS
W2130,Cognac,213.0,WALL CABINETS
W2136,Cognac,251.0,WALL CABINETS
W2142,Cognac,266.0,WALL CABINETS
W2415,Cognac,138.0,WALL CABINETS
W2418,Cognac,179.0,WALL CABINETS
W2430,Cognac,232.0,WALL CABINETS
W2436,Cognac,261.0,WALL CABINETS
W2442,Cognac,276.0,WALL CABINETS
W2715,Cognac,163.0,WALL CABINETS
W2718,Cognac,199.0,WALL CABINETS
W2730,Cognac,249.0,WALL CABINETS
W2736,Cognac,295.0,WALL CABINETS
W2742,Cognac,313.0,WALL CABINETS
W3012,Cognac,162.0,WALL CABINETS
W3015,Cognac,171.0,WALL CABINETS
W3018,Cognac,186.0,WALL CABINETS
W3024,Cognac,218.0,WALL CABINETS
W3030,Cognac,278.0,WALL CABINETS
W3036,Cognac,329.0,WALL CABINETS
W3042,Cognac,348.0,WALL CABINETS
W3312,Cognac,176.0,WALL CABINETS
W3315,Cognac,191.0,WALL CABINETS
W3318,Cognac,199.0,WALL CABINETS
W3324,Cognac,243.0,WALL CABINETS
W3330,Cognac,294.0,WALL CABINETS
W3336,Cognac,347.0,WALL CABINETS
W3342,Cognac,367.0,WALL CABINETS
W3612,Cognac,176.0,WALL CABINETS
W3615,Cognac,206.0,WALL CABINETS
W3618,Cognac,224.0,WALL CABINETS
W3624,Cognac,271.0,WALL CABINETS
W3630,Cognac,308.0,WALL CABINETS
W3636,Cognac,363.0,WALL CABINETS
W3642,Cognac,385.0,WALL CABINETS
W3912,Cognac,186.0,WALL CABINETS
W3915,Cognac,221.0,WALL CABINETS
W3918,Cognac,251.0,WALL CABINETS
W3924,Cognac,296.0,WALL CABINETS
W3930,Cognac,321.0,WALL CABINETS
W3936,Cognac,376.0,WALL CABINETS
W3942,Cognac,401.0,WALL CABINETS
W361227,Cognac,213.0,WALL CABINETS
W361827,Cognac,276.0,WALL CABINETS
W362127,Cognac,308.0,WALL CABINETS
W362427,Cognac,313.0,WALL CABINETS
WES0930L/R,Cognac,132.0,WALL CABINETS
WES0936L/R,Cognac,152.0,WALL CABINETS
WES0942L/R,Cognac,158.0,WALL CABINETS
WM303021,Cognac,338.0,WALL CABINETS
WM303621,Cognac,416.0,WALL CABINETS
WM304221,Cognac,494.0,WALL CABINETS
W0930,Antique White,114.0,WALL CABINETS
W0936,Antique White,135.0,WALL CABINETS
W0942,Antique White,144.0,WALL CABINETS
W1215,Antique White,115.0,WALL CABINETS
W1218,Antique White,125.0,WALL CABINETS
W1230,Antique White,139.0,WALL CABINETS
W1236,Antique White,165.0,WALL CABINETS
W1242,Antique White,173.0,WALL CABINETS
W1515,Antique White,123.0,WALL CABINETS
W1518,Antique White,139.0,WALL CABINETS
W1530,Antique White,168.0,WALL CABINETS
W1536,Antique White,199.0,WALL CABINETS
W1542,Antique White,210.0,WALL CABINETS
W1815,Antique White,131.0,WALL CABINETS
W1818,Antique White,149.0,WALL CABINETS
W1830,Antique White,190.0,WALL CABINETS
W1836,Antique White,211.0,WALL CABINETS
W1842,Antique White,238.0,WALL CABINETS
W2115,Antique White,163.0,WALL CABINETS
W2118,Antique White,169.0,WALL CABINETS
W2130,Antique White,213.0,WALL CABINETS
W2136,Antique White,251.0,WALL CABINETS
W2142,Antique White,266.0,WALL CABINETS
W2415,Antique White,173.0,WALL CABINETS
W2418,Antique White,179.0,WALL CABINETS
W2430,Antique White,232.0,WALL CABINETS
W2436,Antique White,261.0,WALL CABINETS
W2442,Antique White,276.0,WALL CABINETS
W2715,Antique White,184.0,WALL CABINETS
W2718,Antique White,199.0,WALL CABINETS
W2730,Antique White,249.0,WALL CABINETS
W2736,Antique White,295.0,WALL CABINETS
W2742,Antique White,313.0,WALL CABINETS
W3012,Antique White,162.0,WALL CABINETS
W3015,Antique White,171.0,WALL CABINETS
W3018,Antique White,186.0,WALL CABINETS
W3024,Antique White,218.0,WALL CABINETS
W3030,Antique White,278.0,WALL CABINETS
W3036,Antique White,329.0,WALL CABINETS
W3042,Antique White,348.0,WALL CABINETS
W3312,Antique White,176.0,WALL CABINETS
W3315,Antique White,191.0,WALL CABINETS
W3318,Antique White,199.0,WALL CABINETS
W3324,Antique White,243.0,WALL CABINETS
W3330,Antique White,294.0,WALL CABINETS
W3336,Antique White,347.0,WALL CABINETS
W3342,Antique White,367.0,WALL CABINETS
W3612,Antique White,176.0,WALL CABINETS
W3615,Antique White,206.0,WALL CABINETS
W3618,Antique White,224.0,WALL CABINETS
W3624,Antique White,271.0,WALL CABINETS
W3630,Antique White,308.0,WALL CABINETS
W3636,Antique White,363.0,WALL CABINETS
W3642,Antique White,384.0,WALL CABINETS
W3912,Antique White,186.0,WALL CABINETS
W3915,Antique White,214.0,WALL CABINETS
W3918,Antique White,251.0,WALL CABINETS
W3924,Antique White,296.0,WALL CABINETS
W3930,Antique White,321.0,WALL CABINETS
W3936,Antique White,376.0,WALL CABINETS
W3942,Antique White,401.0,WALL CABINETS
W361227,Antique White,227.0,WALL CABINETS
W361827,Antique White,294.0,WALL CABINETS
W362127,Antique White,323.0,WALL CABINETS
W362427,Antique White,330.0,WALL CABINETS
WES0930L/R,Antique White,132.0,WALL CABINETS
WES0936L/R,Antique White,152.0,WALL CABINETS
WES0942L/R,Antique White,158.0,WALL CABINETS
WM303021,Antique White,368.0,WALL CABINETS
WM303621,Antique White,427.0,WALL CABINETS
WM304221,Antique White,449.0,WALL CABINETS
WBC2730L/R,Elegant White,246.0,WALL CORNER
WBC2736L/R,Elegant White,280.0,WALL CORNER
WBC2742L/R,Elegant White,308.0,WALL CORNER
WDC2415,Elegant White,201.0,WALL CORNER
WDC2418,Elegant White,209.0,WALL CORNER
WDC2430,Elegant White,240.0,WALL CORNER
WDC2436,Elegant White,283.0,WALL CORNER
WDC2442,Elegant White,301.0,WALL CORNER
WDC243615,Elegant White,291.0,WALL CORNER
WDC244215,Elegant White,310.0,WALL CORNER
WBC2730L/R,Grey Shaker,246.0,WALL CORNER
WBC2736L/R,Grey Shaker,280.0,WALL CORNER
WBC2742L/R,Grey Shaker,308.0,WALL CORNER
WDC2415,Grey Shaker,201.0,WALL CORNER
WDC2418,Grey Shaker,209.0,WALL CORNER
WDC2430,Grey Shaker,240.0,WALL CORNER
WDC2436,Grey Shaker,283.0,WALL CORNER
WDC2442,Grey Shaker,301.0,WALL CORNER
WDC243615,Grey Shaker,291.0,WALL CORNER
WDC244215,Grey Shaker,310.0,WALL CORNER
WBC2730L/R,Espresso Shaker,246.0,WALL CORNER
WBC2736L/R,Espresso Shaker,280.0,WALL CORNER
WBC2742L/R,Espresso Shaker,308.0,WALL CORNER
WDC2415,Espresso Shaker,201.0,WALL CORNER
WDC2418,Espresso Shaker,209.0,WALL CORNER
WDC2430,Espresso Shaker,240.0,WALL CORNER
WDC2436,Espresso Shaker,283.0,WALL CORNER
WDC2442,Espresso Shaker,301.0,WALL CORNER
WDC243615,Espresso Shaker,291.0,WALL CORNER
WDC244215,Espresso Shaker,310.0,WALL CORNER
WBC2730L/R,Metallic Shaker,258.0,WALL CORNER
WBC2736L/R,Metallic Shaker,294.0,WALL CORNER
WBC2742L/R,Metallic Shaker,323.0,WALL CORNER
WDC2415,Metallic Shaker,211.0,WALL CORNER
WDC2418,Metallic Shaker,219.0,WALL CORNER
WDC2430,Metallic Shaker,252.0,WALL CORNER
WDC2436,Metallic Shaker,298.0,WALL CORNER
WDC2442,Metallic Shaker,316.0,WALL CORNER
WDC243615,Metallic Shaker,306.0,WALL CORNER
WBC2730L/R,Blue Shaker,289.0,WALL CORNER
WBC2736L/R,Blue Shaker,330.0,WALL CORNER
WBC2742L/R,Blue Shaker,361.0,WALL CORNER
WDC2415,Blue Shaker,198.0,WALL CORNER
WDC2418,Blue Shaker,219.0,WALL CORNER
WDC2430,Blue Shaker,282.0,WALL CORNER
WDC2436,Blue Shaker,333.0,WALL CORNER
WDC2442,Blue Shaker,353.0,WALL CORNER
WDC244215,Blue Shaker,368.0,WALL CORNER
WBC2730L/R,Natural Wood,289.0,WALL CORNER
WBC2736L/R,Natural Wood,330.0,WALL CORNER
WBC2742L/R,Natural Wood,361.0,WALL CORNER
WDC2415,Natural Wood,198.0,WALL CORNER
WDC2418,Natural Wood,219.0,WALL CORNER
WDC2430,Natural Wood,282.0,WALL CORNER
WDC2436,Natural Wood,333.0,WALL CORNER
WDC2442,Natural Wood,353.0,WALL CORNER
WDC244215,Natural Wood,368.0,WALL CORNER
WBC2730L/R,Midnight Espresso,289.0,WALL CORNER
WBC2736L/R,Midnight Espresso,330.0,WALL CORNER
WBC2742L/R,Midnight Espresso,361.0,WALL CORNER
WDC2415,Midnight Espresso,198.0,WALL CORNER
WDC2418,Midnight Espresso,219.0,WALL CORNER
WDC2430,Midnight Espresso,282.0,WALL CORNER
WDC2436,Midnight Espresso,333.0,WALL CORNER
WDC2442,Midnight Espresso,353.0,WALL CORNER
WDC243615,Midnight Espresso,348.0,WALL CORNER
WDC244215,Midnight Espresso,368.0,WALL CORNER
WBC2730L/R,Cognac,289.0,WALL CORNER
WBC2736L/R,Cognac,330.0,WALL CORNER
WBC2742L/R,Cognac,361.0,WALL CORNER
WDC2415,Cognac,198.0,WALL CORNER
WDC2418,Cognac,219.0,WALL CORNER
WDC2430,Cognac,282.0,WALL CORNER
WDC2436,Cognac,333.0,WALL CORNER
WDC2442,Cognac,353.0,WALL CORNER
WDC243615,Cognac,348.0,WALL CORNER
WDC244215,Cognac,368.0,WALL CORNER
WBC2730L/R,Antique White,289.0,WALL CORNER
WBC2736L/R,Antique White,330.0,WALL CORNER
WBC2742L/R,Antique White,361.0,WALL CORNER
WDC2415,Antique White,198.0,WALL CORNER
WDC2418,Antique White,219.0,WALL CORNER
WDC2430,Antique White,282.0,WALL CORNER
WDC2436,Antique White,333.0,WALL CORNER
WDC2442,Antique White,353.0,WALL CORNER
WDC243615,Antique White,348.0,WALL CORNER
WDC244215,Antique White,368.0,WALL CORNER
OC3084,Elegant White,663.0,WALL OVENS
OC3090,Elegant White,701.0,WALL OVENS
OC3096,Elegant White,742.0,WALL OVENS
OC3384,Elegant White,700.0,WALL OVENS
OC3390,Elegant White,742.0,WALL OVENS
OC3396,Elegant White,785.0,WALL OVENS
OCDR30,Elegant White,197.0,WALL OVENS
OCDR33,Elegant White,206.0,WALL OVENS
OC3084,Grey Shaker,663.0,WALL OVENS
OC3090,Grey Shaker,701.0,WALL OVENS
OC3096,Grey Shaker,742.0,WALL OVENS
OC3384,Grey Shaker,700.0,WALL OVENS
OC3390,Grey Shaker,742.0,WALL OVENS
OC3396,Grey Shaker,785.0,WALL OVENS
OCDR30,Grey Shaker,197.0,WALL OVENS
OCDR33,Grey Shaker,206.0,WALL OVENS
OC3084,Espresso Shaker,663.0,WALL OVENS
OC3090,Espresso Shaker,701.0,WALL OVENS
OC3096,Espresso Shaker,742.0,WALL OVENS
OC3384,Espresso Shaker,700.0,WALL OVENS
OC3390,Espresso Shaker,742.0,WALL OVENS
OC3396,Espresso Shaker,785.0,WALL OVENS
OCDR30,Espresso Shaker,197.0,WALL OVENS
OCDR33,Espresso Shaker,206.0,WALL OVENS
OC3084,Metallic Shaker,696.0,WALL OVENS
OC3090,Metallic Shaker,736.0,WALL OVENS
OC3096,Metallic Shaker,779.0,WALL OVENS
OC3384,Metallic Shaker,735.0,WALL OVENS
OC3390,Metallic Shaker,779.0,WALL OVENS
OC3396,Metallic Shaker,824.0,WALL OVENS
OCDR30,Metallic Shaker,199.0,WALL OVENS
OCDR33,Metallic Shaker,209.0,WALL OVENS
OC3084,Blue Shaker,754.0,WALL OVENS
OC3090,Blue Shaker,800.0,WALL OVENS
OC3096,Blue Shaker,848.0,WALL OVENS
OC3384,Blue Shaker,800.0,WALL OVENS
OC3390,Blue Shaker,848.0,WALL OVENS
OC3396,Blue Shaker,899.0,WALL OVENS
OCDR30,Blue Shaker,199.0,WALL OVENS
OCDR33,Blue Shaker,209.0,WALL OVENS
OC3084,Natural Wood,754.0,WALL OVENS
OC3090,Natural Wood,800.0,WALL OVENS
OC3096,Natural Wood,848.0,WALL OVENS
OC3384,Natural Wood,800.0,WALL OVENS
OC3390,Natural Wood,848.0,WALL OVENS
OC3396,Natural Wood,899.0,WALL OVENS
OCDR30,Natural Wood,199.0,WALL OVENS
OCDR33,Natural Wood,209.0,WALL OVENS
OC308427,Midnight Espresso,754.0,WALL OVENS
OC309027,Midnight Espresso,800.0,WALL OVENS
OC309627,Midnight Espresso,848.0,WALL OVENS
OC338437,Midnight Espresso,800.0,WALL OVENS
OC339027,Midnight Espresso,848.0,WALL OVENS
OC339627,Midnight Espresso,899.0,WALL OVENS
OCDR30,Midnight Espresso,205.0,WALL OVENS
OCDR33,Midnight Espresso,238.0,WALL OVENS
OC308427,Cognac,754.0,WALL OVENS
OC309027,Cognac,800.0,WALL OVENS
OC309627,Cognac,848.0,WALL OVENS
OC338437,Cognac,800.0,WALL OVENS
OC339027,Cognac,848.0,WALL OVENS
OC339627,Cognac,899.0,WALL OVENS
OCDR30,Cognac,205.0,WALL OVENS
OCDR33,Cognac,238.0,WALL OVENS
OC308427,Antique White,815.0,WALL OVENS
OC309027,Antique White,863.0,WALL OVENS
OC309627,Antique White,912.0,WALL OVENS
OC338437,Antique White,862.0,WALL OVENS
OC339027,Antique White,912.0,WALL OVENS
OC339627,Antique White,966.0,WALL OVENS
OCDR30,Antique White,205.0,WALL OVENS
OCDR33,Antique White,238.0,WALL OVENS
SBS9*6,Elegant White,87.0,CORBEL
SBS13*9,Elegant White,108.0,CORBEL
SBS36*7,Elegant White,173.0,CORBEL
SP3*36,Elegant White,78.0,CORBEL
SP4.5*36,Elegant White,199.0,CORBEL
SBS9*6,Grey Shaker,87.0,CORBEL
SBS13*9,Grey Shaker,108.0,CORBEL
SBS36*7,Grey Shaker,173.0,CORBEL
SP3*36,Grey Shaker,78.0,CORBEL
SP4.5*36,Grey Shaker,199.0,CORBEL
SBS9*6,Espresso Shaker,87.0,CORBEL
SBS13*9,Espresso Shaker,108.0,CORBEL
SBS36*7,Espresso Shaker,173.0,CORBEL
SP3*36,Espresso Shaker,78.0,CORBEL
SP4.5*36,Espresso Shaker,199.0,CORBEL
SBS13*9,Metallic Shaker,113.0,CORBEL
SBS36*7,Metallic Shaker,182.0,CORBEL
SP4.5*36,Metallic Shaker,209.0,CORBEL
SP3*36,Blue Shaker,82.0,CORBEL
SP4.5*36,Blue Shaker,199.0,CORBEL
SP3*36,Natural Wood,82.0,CORBEL
SP4.5*36,Natural Wood,199.0,CORBEL
SBS9*6,Midnight Espresso,87.0,CORBEL
SBS13*9,Midnight Espresso,125.0,CORBEL
SBS36*7,Midnight Espresso,176.0,CORBEL
SP3*36,Midnight Espresso,82.0,CORBEL
SBS9*6,Cognac,87.0,CORBEL
SBS13*9,Cognac,125.0,CORBEL
SBS36*7,Cognac,176.0,CORBEL
SP3*36,Cognac,82.0,CORBEL
SBS9*6,Antique White,97.0,CORBEL
SBS13*9,Antique White,125.0,CORBEL
SBS36*7,Antique White,192.0,CORBEL
SP3*36,Antique White,87.0,CORBEL
VAS4210,Elegant White,70.0,VALANCES
VAS4810,Elegant White,81.0,VALANCES
VAS5410,Elegant White,90.0,VALANCES
VAS6010,Elegant White,129.0,VALANCES
VAS4210,Grey Shaker,70.0,VALANCES
VAS4810,Grey Shaker,81.0,VALANCES
VAS5410,Grey Shaker,90.0,VALANCES
VAS6010,Grey Shaker,129.0,VALANCES
VAS4210,Espresso Shaker,70.0,VALANCES
VAS4810,Espresso Shaker,81.0,VALANCES
VAS5410,Espresso Shaker,90.0,VALANCES
VAS6010,Espresso Shaker,129.0,VALANCES
VAS4210,Blue Shaker,120.0,VALANCES
VAS4810,Blue Shaker,132.0,VALANCES
VAS5410,Blue Shaker,143.0,VALANCES
VAS4210,Natural Wood,120.0,VALANCES
VAS4810,Natural Wood,132.0,VALANCES
VAS5410,Natural Wood,143.0,VALANCES
VAS4210,Midnight Espresso,120.0,VALANCES
VAS4810,Midnight Espresso,132.0,VALANCES
VAS5410,Midnight Espresso,143.0,VALANCES
VAS6010,Midnight Espresso,158.0,VALANCES
VAS4210,Cognac,120.0,VALANCES
VAS4810,Cognac,132.0,VALANCES
VAS5410,Cognac,143.0,VALANCES
VAS6010,Cognac,158.0,VALANCES
VAS4210,Antique White,120.0,VALANCES
VAS4810,Antique White,132.0,VALANCES
VAS5410,Antique White,143.0,VALANCES
VAS6010,Antique White,158.0,VALANCES
VDB12-3,Elegant White,313.0,VANITIES
VDB15-3,Elegant White,323.0,VANITIES
VDB18-3,Elegant White,338.0,VANITIES
VDB21-3,Elegant White,376.0,VANITIES
VDB24-3,Elegant White,392.0,VANITIES
VA242134,Elegant White,263.0,VANITIES
VA272134,Elegant White,288.0,VANITIES
VA302134,Elegant White,291.0,VANITIES
VA362134,Elegant White,351.0,VANITIES
VA362134DL/R,Elegant White,459.0,VANITIES
VA422134DL/R,Elegant White,508.0,VANITIES
VA482134D,Elegant White,649.0,VANITIES
VA602134D,Elegant White,739.0,VANITIES
VA602134DD,Elegant White,682.0,VANITIES
MC1520,Elegant White,100.0,VANITIES
WO1548,Elegant White,300.0,VANITIES
WO1560,Elegant White,376.0,VANITIES
KSC30,Elegant White,149.0,VANITIES
VDB12-3,Grey Shaker,313.0,VANITIES
VDB15-3,Grey Shaker,323.0,VANITIES
VDB18-3,Grey Shaker,338.0,VANITIES
VDB21-3,Grey Shaker,376.0,VANITIES
VDB24-3,Grey Shaker,392.0,VANITIES
VA242134,Grey Shaker,263.0,VANITIES
VA272134,Grey Shaker,288.0,VANITIES
VA302134,Grey Shaker,291.0,VANITIES
VA362134,Grey Shaker,351.0,VANITIES
VA362134DL/R,Grey Shaker,459.0,VANITIES
VA422134DL/R,Grey Shaker,508.0,VANITIES
VA482134D,Grey Shaker,649.0,VANITIES
VA602134D,Grey Shaker,739.0,VANITIES
VA602134DD,Grey Shaker,682.0,VANITIES
MC1520,Grey Shaker,100.0,VANITIES
WO1548,Grey Shaker,300.0,VANITIES
WO1560,Grey Shaker,376.0,VANITIES
KSC30,Grey Shaker,149.0,VANITIES
VDB12-3,Espresso Shaker,313.0,VANITIES
VDB15-3,Espresso Shaker,323.0,VANITIES
VDB18-3,Espresso Shaker,338.0,VANITIES
VDB21-3,Espresso Shaker,376.0,VANITIES
VDB24-3,Espresso Shaker,392.0,VANITIES
VA242134,Espresso Shaker,263.0,VANITIES
VA272134,Espresso Shaker,288.0,VANITIES
VA302134,Espresso Shaker,291.0,VANITIES
VA362134,Espresso Shaker,351.0,VANITIES
VA362134DL/R,Espresso Shaker,459.0,VANITIES
VA422134DL/R,Espresso Shaker,508.0,VANITIES
VA482134D,Espresso Shaker,649.0,VANITIES
VA602134D,Espresso Shaker,739.0,VANITIES
VA602134DD,Espresso Shaker,682.0,VANITIES
MC1520,Espresso Shaker,100.0,VANITIES
WO1548,Espresso Shaker,300.0,VANITIES
WO1560,Espresso Shaker,376.0,VANITIES
KSC30,Espresso Shaker,149.0,VANITIES
VA242134,Metallic Shaker,276.0,VANITIES
VA272134,Metallic Shaker,303.0,VANITIES
VA302134,Metallic Shaker,306.0,VANITIES
VA362134,Metallic Shaker,368.0,VANITIES
VA362134DL/R,Metallic Shaker,482.0,VANITIES
VA422134DL/R,Metallic Shaker,533.0,VANITIES
VA482134D,Metallic Shaker,681.0,VANITIES
VA602134D,Metallic Shaker,776.0,VANITIES
VA602134DD,Metallic Shaker,716.0,VANITIES
VDB122134-3,Metallic Shaker,328.0,VANITIES
VDB152134-3,Metallic Shaker,339.0,VANITIES
VDB182134-3,Metallic Shaker,355.0,VANITIES
VDB212134-3,Metallic Shaker,395.0,VANITIES
VDB242134-3,Metallic Shaker,412.0,VANITIES
KSC30,Metallic Shaker,156.0,VANITIES
MC1520,Metallic Shaker,105.0,VANITIES
WO154815,Metallic Shaker,315.0,VANITIES
WO156015,Metallic Shaker,395.0,VANITIES
VA242134,Blue Shaker,299.0,VANITIES
VA272134,Blue Shaker,327.0,VANITIES
VA302134,Blue Shaker,354.0,VANITIES
VA362134,Blue Shaker,437.0,VANITIES
VA362434DL/R,Blue Shaker,502.0,VANITIES
VA422134DL/R,Blue Shaker,556.0,VANITIES
VA482134D,Blue Shaker,695.0,VANITIES
VA602134D,Blue Shaker,775.0,VANITIES
VA602134DD,Blue Shaker,745.0,VANITIES
VDB122134-3,Blue Shaker,313.0,VANITIES
VDB152134-3,Blue Shaker,323.0,VANITIES
VDB182134-3,Blue Shaker,338.0,VANITIES
VDB212134-3,Blue Shaker,378.0,VANITIES
VDB242134-3,Blue Shaker,409.0,VANITIES
KSC30,Blue Shaker,149.0,VANITIES
MC1520,Blue Shaker,113.0,VANITIES
WO154815,Blue Shaker,299.0,VANITIES
WO156015,Blue Shaker,376.0,VANITIES
VA242134,Natural Wood,299.0,VANITIES
VA272134,Natural Wood,327.0,VANITIES
VA302134,Natural Wood,354.0,VANITIES
VA362134,Natural Wood,437.0,VANITIES
VA362434DL/R,Natural Wood,502.0,VANITIES
VA422134DL/R,Natural Wood,556.0,VANITIES
VA482134D,Natural Wood,695.0,VANITIES
VA602134D,Natural Wood,775.0,VANITIES
VA602134DD,Natural Wood,745.0,VANITIES
VDB122134-3,Natural Wood,313.0,VANITIES
VDB152134-3,Natural Wood,323.0,VANITIES
VDB182134-3,Natural Wood,338.0,VANITIES
VDB212134-3,Natural Wood,378.0,VANITIES
VDB242134-3,Natural Wood,409.0,VANITIES
KSC30,Natural Wood,149.0,VANITIES
MC1520,Natural Wood,113.0,VANITIES
WO154815,Natural Wood,299.0,VANITIES
WO156015,Natural Wood,376.0,VANITIES
VDB12-3,Midnight Espresso,313.0,VANITIES
VDB15-3,Midnight Espresso,323.0,VANITIES
VDB18-3,Midnight Espresso,338.0,VANITIES
VDB21-3,Midnight Espresso,378.0,VANITIES
VDB24-3,Midnight Espresso,409.0,VANITIES
VA242134,Midnight Espresso,299.0,VANITIES
VA272134,Midnight Espresso,327.0,VANITIES
VA302134,Midnight Espresso,354.0,VANITIES
VA302134DL/R,Midnight Espresso,437.0,VANITIES
VA362134,Midnight Espresso,437.0,VANITIES
VA362134DL/R,Midnight Espresso,502.0,VANITIES
VA422134DL/R,Midnight Espresso,556.0,VANITIES
VA482134D,Midnight Espresso,695.0,VANITIES
VA602134D,Midnight Espresso,799.0,VANITIES
VA602134DD,Midnight Espresso,745.0,VANITIES
MC1520,Midnight Espresso,113.0,VANITIES
WO1548,Midnight Espresso,299.0,VANITIES
WO1560,Midnight Espresso,376.0,VANITIES
KSC30,Midnight Espresso,149.0,VANITIES
VDB12-3,Cognac,313.0,VANITIES
VDB15-3,Cognac,323.0,VANITIES
VDB18-3,Cognac,338.0,VANITIES
VDB21-3,Cognac,378.0,VANITIES
VDB24-3,Cognac,409.0,VANITIES
VA242134,Cognac,299.0,VANITIES
VA272134,Cognac,327.0,VANITIES
VA302134,Cognac,354.0,VANITIES
VA302134DL/R,Cognac,437.0,VANITIES
VA362134,Cognac,437.0,VANITIES
VA362134DL/R,Cognac,502.0,VANITIES
VA422134DL/R,Cognac,556.0,VANITIES
VA482134D,Cognac,695.0,VANITIES
VA602134D,Cognac,799.0,VANITIES
VA602134DD,Cognac,745.0,VANITIES
MC1520,Cognac,113.0,VANITIES
WO1548,Cognac,299.0,VANITIES
WO1560,Cognac,376.0,VANITIES
KSC30,Cognac,149.0,VANITIES
VDB12-3,Antique White,335.0,VANITIES
VDB15-3,Antique White,348.0,VANITIES
VDB18-3,Antique White,373.0,VANITIES
VDB21-3,Antique White,389.0,VANITIES
VDB24-3,Antique White,413.0,VANITIES
VA242134,Antique White,299.0,VANITIES
VA272134,Antique White,327.0,VANITIES
VA302134,Antique White,354.0,VANITIES
VA302134DL/R,Antique White,443.0,VANITIES
VA362134,Antique White,437.0,VANITIES
VA362134DL/R,Antique White,502.0,VANITIES
VA422134DL/R,Antique White,556.0,VANITIES
VA482134D,Antique White,785.0,VANITIES
VA602134D,Antique White,880.0,VANITIES
VA602134DD,Antique White,749.0,VANITIES
MC1520,Antique White,113.0,VANITIES
WO1548,Antique White,332.0,VANITIES
WO1560,Antique White,414.0,VANITIES
KSC30,Antique White,172.0,VANITIES
30GR,Elegant White,51.0,CUSTOM CABINETS
36GR,Elegant White,70.0,CUSTOM CABINETS
PR3015,Elegant White,135.0,CUSTOM CABINETS
PR3615,Elegant White,162.0,CUSTOM CABINETS
VH3624,Elegant White,244.0,CUSTOM CABINETS
30GR,Grey Shaker,51.0,CUSTOM CABINETS
36GR,Grey Shaker,70.0,CUSTOM CABINETS
PR3015,Grey Shaker,135.0,CUSTOM CABINETS
PR3615,Grey Shaker,162.0,CUSTOM CABINETS
VH3624,Grey Shaker,244.0,CUSTOM CABINETS
30GR,Espresso Shaker,51.0,CUSTOM CABINETS
36GR,Espresso Shaker,70.0,CUSTOM CABINETS
PR3015,Espresso Shaker,135.0,CUSTOM CABINETS
PR3615,Espresso Shaker,162.0,CUSTOM CABINETS
VH3624,Espresso Shaker,244.0,CUSTOM CABINETS
30GR,Metallic Shaker,53.0,CUSTOM CABINETS
36GR,Metallic Shaker,74.0,CUSTOM CABINETS
3015WR,Metallic Shaker,142.0,CUSTOM CABINETS
3024WR,Metallic Shaker,227.0,CUSTOM CABINETS
3612WR,Metallic Shaker,157.0,CUSTOM CABINETS
3618WR,Metallic Shaker,203.0,CUSTOM CABINETS
3624WR,Metallic Shaker,270.0,CUSTOM CABINETS
VH3624,Metallic Shaker,257.0,CUSTOM CABINETS
30GR,Blue Shaker,60.0,CUSTOM CABINETS
36GR,Blue Shaker,83.0,CUSTOM CABINETS
3015WR,Blue Shaker,161.0,CUSTOM CABINETS
3024WR,Blue Shaker,208.0,CUSTOM CABINETS
3612WR,Blue Shaker,199.0,CUSTOM CABINETS
3618WR,Blue Shaker,230.0,CUSTOM CABINETS
3624WR,Blue Shaker,278.0,CUSTOM CABINETS
30GR,Natural Wood,60.0,CUSTOM CABINETS
36GR,Natural Wood,83.0,CUSTOM CABINETS
3015WR,Natural Wood,161.0,CUSTOM CABINETS
3024WR,Natural Wood,208.0,CUSTOM CABINETS
3612WR,Natural Wood,199.0,CUSTOM CABINETS
3618WR,Natural Wood,230.0,CUSTOM CABINETS
3624WR,Natural Wood,278.0,CUSTOM CABINETS
30GR,Midnight Espresso,60.0,CUSTOM CABINETS
36GR,Midnight Espresso,83.0,CUSTOM CABINETS
PR3015,Midnight Espresso,160.0,CUSTOM CABINETS
PR3615,Midnight Espresso,192.0,CUSTOM CABINETS
3015WR,Midnight Espresso,161.0,CUSTOM CABINETS
3024WR,Midnight Espresso,208.0,CUSTOM CABINETS
361212WR,Midnight Espresso,181.0,CUSTOM CABINETS
361812WR,Midnight Espresso,230.0,CUSTOM CABINETS
362412WR,Midnight Espresso,278.0,CUSTOM CABINETS
VH3624,Midnight Espresso,290.0,CUSTOM CABINETS
30GR,Cognac,60.0,CUSTOM CABINETS
36GR,Cognac,83.0,CUSTOM CABINETS
PR3015,Cognac,160.0,CUSTOM CABINETS
PR3615,Cognac,192.0,CUSTOM CABINETS
3015WR,Cognac,161.0,CUSTOM CABINETS
3024WR,Cognac,208.0,CUSTOM CABINETS
361212WR,Cognac,181.0,CUSTOM CABINETS
361812WR,Cognac,230.0,CUSTOM CABINETS
362412WR,Cognac,278.0,CUSTOM CABINETS
VH3624,Cognac,290.0,CUSTOM CABINETS
30GR,Antique White,64.0,CUSTOM CABINETS
36GR,Antique White,88.0,CUSTOM CABINETS
PR3015,Antique White,172.0,CUSTOM CABINETS
PR3615,Antique White,207.0,CUSTOM CABINETS
3015WR,Antique White,172.0,CUSTOM CABINETS
3024WR,Antique White,275.0,CUSTOM CABINETS
3612WR,Antique White,191.0,CUSTOM CABINETS
3618WR,Antique White,247.0,CUSTOM CABINETS
3624WR,Antique White,329.0,CUSTOM CABINETS
VH3624,Antique White,290.0,CUSTOM CABINETS
WMD1215,Elegant White,79.0,GLASS DOORS
WMD1218,Elegant White,89.0,GLASS DOORS
WMD1230,Elegant White,99.0,GLASS DOORS
WMD1236,Elegant White,99.0,GLASS DOORS
WMD1242,Elegant White,99.0,GLASS DOORS
WMD1515,Elegant White,79.0,GLASS DOORS
WMD1518,Elegant White,89.0,GLASS DOORS
WMD1530,Elegant White,99.0,GLASS DOORS
WMD1536,Elegant White,109.0,GLASS DOORS
WMD1542,Elegant White,109.0,GLASS DOORS
WMD1815,Elegant White,79.0,GLASS DOORS
WMD1818,Elegant White,89.0,GLASS DOORS
WMD1830,Elegant White,109.0,GLASS DOORS
WMD1836,Elegant White,119.0,GLASS DOORS
WMD1842,Elegant White,119.0,GLASS DOORS
WMD2115,Elegant White,79.0,GLASS DOORS
WMD2118,Elegant White,89.0,GLASS DOORS
WMD2130,Elegant White,119.0,GLASS DOORS
WMD2136,Elegant White,119.0,GLASS DOORS
WMD2142,Elegant White,119.0,GLASS DOORS
WMD2430-2,Elegant White,149.0,GLASS DOORS
WMD2436-2,Elegant White,149.0,GLASS DOORS
WMD2442-2,Elegant White,149.0,GLASS DOORS
WMD2715-2,Elegant White,129.0,GLASS DOORS
WMD2718-2,Elegant White,149.0,GLASS DOORS
WMD2730-2,Elegant White,149.0,GLASS DOORS
WMD2736-2,Elegant White,149.0,GLASS DOORS
WMD2742-2,Elegant White,199.0,GLASS DOORS
WMD3030-2,Elegant White,199.0,GLASS DOORS
WMD3036-2,Elegant White,199.0,GLASS DOORS
WMD3042-2,Elegant White,199.0,GLASS DOORS
WMD3315-2,Elegant White,129.0,GLASS DOORS
WMD3318-2,Elegant White,149.0,GLASS DOORS
WMD3330-2,Elegant White,199.0,GLASS DOORS
WMD3336-2,Elegant White,199.0,GLASS DOORS
WMD3342-2,Elegant White,199.0,GLASS DOORS
WMD3630-2,Elegant White,199.0,GLASS DOORS
WMD3636-2,Elegant White,199.0,GLASS DOORS
WMD3642-2,Elegant White,219.0,GLASS DOORS
WMD3915-2,Elegant White,129.0,GLASS DOORS
WMD3918-2,Elegant White,149.0,GLASS DOORS
WMD3930-2,Elegant White,219.0,GLASS DOORS
WMD3936-2,Elegant White,219.0,GLASS DOORS
WMD3942-2,Elegant White,219.0,GLASS DOORS
WMDC2430,Elegant White,99.0,GLASS DOORS
WMDC2436,Elegant White,99.0,GLASS DOORS
WMDC2442,Elegant White,99.0,GLASS DOORS
WMDC243615,Elegant White,99.0,GLASS DOORS
WMDC244215,Elegant White,99.0,GLASS DOORS
WMD1215,Grey Shaker,79.0,GLASS DOORS
WMD1218,Grey Shaker,89.0,GLASS DOORS
WMD1230,Grey Shaker,99.0,GLASS DOORS
WMD1236,Grey Shaker,99.0,GLASS DOORS
WMD1242,Grey Shaker,99.0,GLASS DOORS
WMD1515,Grey Shaker,79.0,GLASS DOORS
WMD1518,Grey Shaker,89.0,GLASS DOORS
WMD1530,Grey Shaker,99.0,GLASS DOORS
WMD1536,Grey Shaker,109.0,GLASS DOORS
WMD1542,Grey Shaker,109.0,GLASS DOORS
WMD1815,Grey Shaker,79.0,GLASS DOORS
WMD1818,Grey Shaker,89.0,GLASS DOORS
WMD1830,Grey Shaker,109.0,GLASS DOORS
WMD1836,Grey Shaker,119.0,GLASS DOORS
WMD1842,Grey Shaker,119.0,GLASS DOORS
WMD2115,Grey Shaker,79.0,GLASS DOORS
WMD2118,Grey Shaker,89.0,GLASS DOORS
WMD2130,Grey Shaker,119.0,GLASS DOORS
WMD2136,Grey Shaker,119.0,GLASS DOORS
WMD2142,Grey Shaker,119.0,GLASS DOORS
WMD2430-2,Grey Shaker,149.0,GLASS DOORS
WMD2436-2,Grey Shaker,149.0,GLASS DOORS
WMD2442-2,Grey Shaker,149.0,GLASS DOORS
WMD2715-2,Grey Shaker,129.0,GLASS DOORS
WMD2718-2,Grey Shaker,149.0,GLASS DOORS
WMD2730-2,Grey Shaker,149.0,GLASS DOORS
WMD2736-2,Grey Shaker,149.0,GLASS DOORS
WMD2742-2,Grey Shaker,199.0,GLASS DOORS
WMD3030-2,Grey Shaker,199.0,GLASS DOORS
WMD3036-2,Grey Shaker,199.0,GLASS DOORS
WMD3042-2,Grey Shaker,199.0,GLASS DOORS
WMD3315-2,Grey Shaker,129.0,GLASS DOORS
WMD3318-2,Grey Shaker,149.0,GLASS DOORS
WMD3330-2,Grey Shaker,199.0,GLASS DOORS
WMD3336-2,Grey Shaker,199.0,GLASS DOORS
WMD3342-2,Grey Shaker,199.0,GLASS DOORS
WMD3630-2,Grey Shaker,199.0,GLASS DOORS
WMD3636-2,Grey Shaker,199.0,GLASS DOORS
WMD3642-2,Grey Shaker,219.0,GLASS DOORS
WMD3915-2,Grey Shaker,129.0,GLASS DOORS
WMD3918-2,Grey Shaker,149.0,GLASS DOORS
WMD3930-2,Grey Shaker,219.0,GLASS DOORS
WMD3936-2,Grey Shaker,219.0,GLASS DOORS
WMD3942-2,Grey Shaker,219.0,GLASS DOORS
WMDC2430,Grey Shaker,99.0,GLASS DOORS
WMDC2436,Grey Shaker,99.0,GLASS DOORS
WMDC2442,Grey Shaker,99.0,GLASS DOORS
WMDC243615,Grey Shaker,99.0,GLASS DOORS
WMDC244215,Grey Shaker,99.0,GLASS DOORS
WMD1215,Espresso Shaker,79.0,GLASS DOORS
WMD1218,Espresso Shaker,89.0,GLASS DOORS
WMD1230,Espresso Shaker,99.0,GLASS DOORS
WMD1236,Espresso Shaker,99.0,GLASS DOORS
WMD1242,Espresso Shaker,99.0,GLASS DOORS
WMD1515,Espresso Shaker,79.0,GLASS DOORS
WMD1518,Espresso Shaker,89.0,GLASS DOORS
WMD1530,Espresso Shaker,99.0,GLASS DOORS
WMD1536,Espresso Shaker,109.0,GLASS DOORS
WMD1542,Espresso Shaker,109.0,GLASS DOORS
WMD1815,Espresso Shaker,79.0,GLASS DOORS
WMD1818,Espresso Shaker,89.0,GLASS DOORS
WMD1830,Espresso Shaker,109.0,GLASS DOORS
WMD1836,Espresso Shaker,119.0,GLASS DOORS
WMD1842,Espresso Shaker,119.0,GLASS DOORS
WMD2115,Espresso Shaker,79.0,GLASS DOORS
WMD2118,Espresso Shaker,89.0,GLASS DOORS
WMD2130,Espresso Shaker,119.0,GLASS DOORS
WMD2136,Espresso Shaker,119.0,GLASS DOORS
WMD2142,Espresso Shaker,119.0,GLASS DOORS
WMD2430-2,Espresso Shaker,149.0,GLASS DOORS
WMD2436-2,Espresso Shaker,149.0,GLASS DOORS
WMD2442-2,Espresso Shaker,149.0,GLASS DOORS
WMD2715-2,Espresso Shaker,129.0,GLASS DOORS
WMD2718-2,Espresso Shaker,149.0,GLASS DOORS
WMD2730-2,Espresso Shaker,149.0,GLASS DOORS
WMD2736-2,Espresso Shaker,149.0,GLASS DOORS
WMD2742-2,Espresso Shaker,199.0,GLASS DOORS
WMD3030-2,Espresso Shaker,199.0,GLASS DOORS
WMD3036-2,Espresso Shaker,199.0,GLASS DOORS
WMD3042-2,Espresso Shaker,199.0,GLASS DOORS
WMD3315-2,Espresso Shaker,129.0,GLASS DOORS
WMD3318-2,Espresso Shaker,149.0,GLASS DOORS
WMD3330-2,Espresso Shaker,199.0,GLASS DOORS
WMD3336-2,Espresso Shaker,199.0,GLASS DOORS
WMD3342-2,Espresso Shaker,199.0,GLASS DOORS
WMD3630-2,Espresso Shaker,199.0,GLASS DOORS
WMD3636-2,Espresso Shaker,199.0,GLASS DOORS
WMD3642-2,Espresso Shaker,219.0,GLASS DOORS
WMD3915-2,Espresso Shaker,129.0,GLASS DOORS
WMD3918-2,Espresso Shaker,149.0,GLASS DOORS
WMD3930-2,Espresso Shaker,219.0,GLASS DOORS
WMD3936-2,Espresso Shaker,219.0,GLASS DOORS
WMD3942-2,Espresso Shaker,219.0,GLASS DOORS
WMDC2430,Espresso Shaker,99.0,GLASS DOORS
WMDC2436,Espresso Shaker,99.0,GLASS DOORS
WMDC2442,Espresso Shaker,99.0,GLASS DOORS
WMDC243615,Espresso Shaker,99.0,GLASS DOORS
WMDC244215,Espresso Shaker,99.0,GLASS DOORS
WMD1215,Metallic Shaker,79.0,GLASS DOORS
WMD1218,Metallic Shaker,89.0,GLASS DOORS
WMD1230,Metallic Shaker,99.0,GLASS DOORS
WMD1236,Metallic Shaker,99.0,GLASS DOORS
WMD1242,Metallic Shaker,99.0,GLASS DOORS
WMD1515,Metallic Shaker,79.0,GLASS DOORS
WMD1518,Metallic Shaker,89.0,GLASS DOORS
WMD1530,Metallic Shaker,99.0,GLASS DOORS
WMD1536,Metallic Shaker,109.0,GLASS DOORS
WMD1542,Metallic Shaker,109.0,GLASS DOORS
WMD1815,Metallic Shaker,79.0,GLASS DOORS
WMD1818,Metallic Shaker,89.0,GLASS DOORS
WMD1830,Metallic Shaker,109.0,GLASS DOORS
WMD1836,Metallic Shaker,119.0,GLASS DOORS
WMD1842,Metallic Shaker,119.0,GLASS DOORS
WMD2115,Metallic Shaker,79.0,GLASS DOORS
WMD2118,Metallic Shaker,89.0,GLASS DOORS
WMD2130,Metallic Shaker,119.0,GLASS DOORS
WMD2136,Metallic Shaker,119.0,GLASS DOORS
WMD2142,Metallic Shaker,119.0,GLASS DOORS
WMD2715-2,Metallic Shaker,129.0,GLASS DOORS
WMD2718-2,Metallic Shaker,149.0,GLASS DOORS
WMD2730-2,Metallic Shaker,149.0,GLASS DOORS
WMD2736-2,Metallic Shaker,149.0,GLASS DOORS
WMD2742-2,Metallic Shaker,199.0,GLASS DOORS
WMD3315-2,Metallic Shaker,129.0,GLASS DOORS
WMD3318-2,Metallic Shaker,149.0,GLASS DOORS
WMD3330-2,Metallic Shaker,199.0,GLASS DOORS
WMD3336-2,Metallic Shaker,199.0,GLASS DOORS
WMD3342-2,Metallic Shaker,199.0,GLASS DOORS
WMD3915-2,Metallic Shaker,129.0,GLASS DOORS
WMD3918-2,Metallic Shaker,149.0,GLASS DOORS
WMD3930-2,Metallic Shaker,219.0,GLASS DOORS
WMD3936-2,Metallic Shaker,219.0,GLASS DOORS
WMD3942-2,Metallic Shaker,219.0,GLASS DOORS
WMD1215,Blue Shaker,79.0,GLASS DOORS
WMD1218,Blue Shaker,89.0,GLASS DOORS
WMD1230,Blue Shaker,99.0,GLASS DOORS
WMD1236,Blue Shaker,99.0,GLASS DOORS
WMD1242,Blue Shaker,99.0,GLASS DOORS
WMD1515,Blue Shaker,79.0,GLASS DOORS
WMD1518,Blue Shaker,89.0,GLASS DOORS
WMD1530,Blue Shaker,99.0,GLASS DOORS
WMD1536,Blue Shaker,109.0,GLASS DOORS
WMD1542,Blue Shaker,109.0,GLASS DOORS
WMD1815,Blue Shaker,79.0,GLASS DOORS
WMD1818,Blue Shaker,89.0,GLASS DOORS
WMD1830,Blue Shaker,109.0,GLASS DOORS
WMD1836,Blue Shaker,119.0,GLASS DOORS
WMD1842,Blue Shaker,119.0,GLASS DOORS
WMD2115,Blue Shaker,79.0,GLASS DOORS
WMD2118,Blue Shaker,89.0,GLASS DOORS
WMD2130,Blue Shaker,119.0,GLASS DOORS
WMD2136,Blue Shaker,119.0,GLASS DOORS
WMD2142,Blue Shaker,119.0,GLASS DOORS
WMD2715-2,Blue Shaker,129.0,GLASS DOORS
WMD2718-2,Blue Shaker,149.0,GLASS DOORS
WMD2730-2,Blue Shaker,149.0,GLASS DOORS
WMD2736-2,Blue Shaker,149.0,GLASS DOORS
WMD2742-2,Blue Shaker,199.0,GLASS DOORS
WMD3315-2,Blue Shaker,129.0,GLASS DOORS
WMD3318-2,Blue Shaker,149.0,GLASS DOORS
WMD3330-2,Blue Shaker,199.0,GLASS DOORS
WMD3336-2,Blue Shaker,199.0,GLASS DOORS
WMD3342-2,Blue Shaker,199.0,GLASS DOORS
WMD3915-2,Blue Shaker,129.0,GLASS DOORS
WMD3918-2,Blue Shaker,149.0,GLASS DOORS
WMD3930-2,Blue Shaker,219.0,GLASS DOORS
WMD3936-2,Blue Shaker,219.0,GLASS DOORS
WMD3942-2,Blue Shaker,219.0,GLASS DOORS
WMD1215,Natural Wood,79.0,GLASS DOORS
WMD1218,Natural Wood,89.0,GLASS DOORS
WMD1230,Natural Wood,99.0,GLASS DOORS
WMD1236,Natural Wood,99.0,GLASS DOORS
WMD1242,Natural Wood,99.0,GLASS DOORS
WMD1515,Natural Wood,79.0,GLASS DOORS
WMD1518,Natural Wood,89.0,GLASS DOORS
WMD1530,Natural Wood,99.0,GLASS DOORS
WMD1536,Natural Wood,109.0,GLASS DOORS
WMD1542,Natural Wood,109.0,GLASS DOORS
WMD1815,Natural Wood,79.0,GLASS DOORS
WMD1818,Natural Wood,89.0,GLASS DOORS
WMD1830,Natural Wood,109.0,GLASS DOORS
WMD1836,Natural Wood,119.0,GLASS DOORS
WMD1842,Natural Wood,119.0,GLASS DOORS
WMD2115,Natural Wood,79.0,GLASS DOORS
WMD2118,Natural Wood,89.0,GLASS DOORS
WMD2130,Natural Wood,119.0,GLASS DOORS
WMD2136,Natural Wood,119.0,GLASS DOORS
WMD2142,Natural Wood,119.0,GLASS DOORS
WMD2715-2,Natural Wood,129.0,GLASS DOORS
WMD2718-2,Natural Wood,149.0,GLASS DOORS
WMD2730-2,Natural Wood,149.0,GLASS DOORS
WMD2736-2,Natural Wood,149.0,GLASS DOORS
WMD2742-2,Natural Wood,199.0,GLASS DOORS
WMD3315-2,Natural Wood,129.0,GLASS DOORS
WMD3318-2,Natural Wood,149.0,GLASS DOORS
WMD3330-2,Natural Wood,199.0,GLASS DOORS
WMD3336-2,Natural Wood,199.0,GLASS DOORS
WMD3342-2,Natural Wood,199.0,GLASS DOORS
WMD3915-2,Natural Wood,129.0,GLASS DOORS
WMD3918-2,Natural Wood,149.0,GLASS DOORS
WMD3930-2,Natural Wood,219.0,GLASS DOORS
WMD3936-2,Natural Wood,219.0,GLASS DOORS
WMD3942-2,Natural Wood,219.0,GLASS DOORS
WMD1230,Midnight Espresso,99.0,GLASS DOORS
WMD1236,Midnight Espresso,99.0,GLASS DOORS
WMD1242,Midnight Espresso,99.0,GLASS DOORS
WMD1530,Midnight Espresso,99.0,GLASS DOORS
WMD1536,Midnight Espresso,109.0,GLASS DOORS
WMD1542,Midnight Espresso,109.0,GLASS DOORS
WMD1830,Midnight Espresso,109.0,GLASS DOORS
WMD1836,Midnight Espresso,109.0,GLASS DOORS
WMD1842,Midnight Espresso,119.0,GLASS DOORS
WMD2130,Midnight Espresso,119.0,GLASS DOORS
WMD2136,Midnight Espresso,119.0,GLASS DOORS
WMD2142,Midnight Espresso,119.0,GLASS DOORS
WMD2430-2,Midnight Espresso,119.0,GLASS DOORS
WMD2436-2,Midnight Espresso,149.0,GLASS DOORS
WMD2442-2,Midnight Espresso,149.0,GLASS DOORS
WMD2730-2,Midnight Espresso,149.0,GLASS DOORS
WMD2736-2,Midnight Espresso,149.0,GLASS DOORS
WMD2742-2,Midnight Espresso,179.0,GLASS DOORS
WMD3030-2,Midnight Espresso,179.0,GLASS DOORS
WMD3036-2,Midnight Espresso,179.0,GLASS DOORS
WMD3042-2,Midnight Espresso,179.0,GLASS DOORS
WMD3330-2,Midnight Espresso,179.0,GLASS DOORS
WMD3336-2,Midnight Espresso,179.0,GLASS DOORS
WMD3342-2,Midnight Espresso,199.0,GLASS DOORS
WMD3618-2,Midnight Espresso,119.0,GLASS DOORS
WMD3624-2,Midnight Espresso,129.0,GLASS DOORS
WMD3630-2,Midnight Espresso,179.0,GLASS DOORS
WMD3636-2,Midnight Espresso,179.0,GLASS DOORS
WMD3642-2,Midnight Espresso,199.0,GLASS DOORS
WMD3930-2,Midnight Espresso,179.0,GLASS DOORS
WMD3936-2,Midnight Espresso,179.0,GLASS DOORS
WMD3942-2,Midnight Espresso,219.0,GLASS DOORS
WMDC2430,Midnight Espresso,99.0,GLASS DOORS
WMDC2436,Midnight Espresso,99.0,GLASS DOORS
WMDC2442,Midnight Espresso,109.0,GLASS DOORS
WMDC243615,Midnight Espresso,109.0,GLASS DOORS
WMDC244215,Midnight Espresso,109.0,GLASS DOORS
WMD1230,Cognac,99.0,GLASS DOORS
WMD1236,Cognac,99.0,GLASS DOORS
WMD1242,Cognac,99.0,GLASS DOORS
WMD1530,Cognac,99.0,GLASS DOORS
WMD1536,Cognac,109.0,GLASS DOORS
WMD1542,Cognac,109.0,GLASS DOORS
WMD1830,Cognac,109.0,GLASS DOORS
WMD1836,Cognac,109.0,GLASS DOORS
WMD1842,Cognac,119.0,GLASS DOORS
WMD2130,Cognac,119.0,GLASS DOORS
WMD2136,Cognac,119.0,GLASS DOORS
WMD2142,Cognac,119.0,GLASS DOORS
WMD2430-2,Cognac,119.0,GLASS DOORS
WMD2436-2,Cognac,149.0,GLASS DOORS
WMD2442-2,Cognac,149.0,GLASS DOORS
WMD2730-2,Cognac,149.0,GLASS DOORS
WMD2736-2,Cognac,149.0,GLASS DOORS
WMD2742-2,Cognac,179.0,GLASS DOORS
WMD3030-2,Cognac,179.0,GLASS DOORS
WMD3036-2,Cognac,179.0,GLASS DOORS
WMD3042-2,Cognac,179.0,GLASS DOORS
WMD3330-2,Cognac,179.0,GLASS DOORS
WMD3336-2,Cognac,179.0,GLASS DOORS
WMD3342-2,Cognac,199.0,GLASS DOORS
WMD3618-2,Cognac,119.0,GLASS DOORS
WMD3624-2,Cognac,129.0,GLASS DOORS
WMD3630-2,Cognac,179.0,GLASS DOORS
WMD3636-2,Cognac,179.0,GLASS DOORS
WMD3642-2,Cognac,199.0,GLASS DOORS
WMD3930-2,Cognac,179.0,GLASS DOORS
WMD3936-2,Cognac,179.0,GLASS DOORS
WMD3942-2,Cognac,219.0,GLASS DOORS
WMDC2430,Cognac,99.0,GLASS DOORS
WMDC2436,Cognac,99.0,GLASS DOORS
WMDC2442,Cognac,109.0,GLASS DOORS
WMDC243615,Cognac,109.0,GLASS DOORS
WMDC244215,Cognac,109.0,GLASS DOORS
WMD1230,Antique White,99.0,GLASS DOORS
WMD1236,Antique White,99.0,GLASS DOORS
WMD1242,Antique White,99.0,GLASS DOORS
WMD1530,Antique White,99.0,GLASS DOORS
WMD1536,Antique White,99.0,GLASS DOORS
WMD1542,Antique White,109.0,GLASS DOORS
WMD1830,Antique White,109.0,GLASS DOORS
WMD1836,Antique White,109.0,GLASS DOORS
WMD1842,Antique White,119.0,GLASS DOORS
WMD2130,Antique White,119.0,GLASS DOORS
WMD2136,Antique White,119.0,GLASS DOORS
WMD2142,Antique White,129.0,GLASS DOORS
WMD2430-2,Antique White,129.0,GLASS DOORS
WMD2436-2,Antique White,149.0,GLASS DOORS
WMD2442-2,Antique White,149.0,GLASS DOORS
WMD2730-2,Antique White,149.0,GLASS DOORS
WMD2736-2,Antique White,149.0,GLASS DOORS
WMD2742-2,Antique White,179.0,GLASS DOORS
WMD3030-2,Antique White,179.0,GLASS DOORS
WMD3036-2,Antique White,179.0,GLASS DOORS
WMD3042-2,Antique White,179.0,GLASS DOORS
WMD3330-2,Antique White,179.0,GLASS DOORS
WMD3336-2,Antique White,179.0,GLASS DOORS
WMD3342-2,Antique White,194.0,GLASS DOORS
WMD3618-2,Antique White,119.0,GLASS DOORS
WMD3624-2,Antique White,129.0,GLASS DOORS
WMD3630-2,Antique White,179.0,GLASS DOORS
WMD3636-2,Antique White,179.0,GLASS DOORS
WMD3642-2,Antique White,199.0,GLASS DOORS
WMD3930-2,Antique White,179.0,GLASS DOORS
WMD3936-2,Antique White,179.0,GLASS DOORS
WMD3942-2,Antique White,219.0,GLASS DOORS
WMDC2430,Antique White,99.0,GLASS DOORS
WMDC2436,Antique White,99.0,GLASS DOORS
WMDC2442,Antique White,109.0,GLASS DOORS
WMDC243615,Antique White,109.0,GLASS DOORS
WMDC244215,Antique White,109.0,GLASS DOORS
BF336,Elegant White,24.0,ACCESORIES
BF636,Elegant White,50.0,ACCESORIES
BDD15,Elegant White,79.0,ACCESORIES
BDD18,Elegant White,96.0,ACCESORIES
BDD24,Elegant White,120.0,ACCESORIES
WFD1230,Elegant White,57.0,ACCESORIES
WFD1236,Elegant White,69.0,ACCESORIES
WFD1242,Elegant White,80.0,ACCESORIES
BP4836,Elegant White,63.0,ACCESORIES
BP9636,Elegant White,129.0,ACCESORIES
BP4896-3/4,Elegant White,225.0,ACCESORIES
CCM8,Elegant White,98.0,ACCESORIES
RPM8,Elegant White,11.0,ACCESORIES
CM2-13/32,Elegant White,59.0,ACCESORIES
CM3-5/16,Elegant White,72.0,ACCESORIES
BCM8,Elegant White,73.0,ACCESORIES
COV8,Elegant White,98.0,ACCESORIES
CTM8,Elegant White,42.0,ACCESORIES
DWR,Elegant White,63.0,ACCESORIES
ICM8,Elegant White,38.0,ACCESORIES
MMS,Elegant White,31.0,ACCESORIES
OCM8,Elegant White,32.0,ACCESORIES
"OGM8 (4.5"")",Elegant White,78.0,ACCESORIES
ONLAY1,Elegant White,45.0,ACCESORIES
QR8,Elegant White,34.0,ACCESORIES
RRP2496,Elegant White,117.0,ACCESORIES
"RRPF1.5""",Elegant White,40.0,ACCESORIES
RRPF3*120,Elegant White,78.0,ACCESORIES
SM8,Elegant White,14.0,ACCESORIES
BM8,Elegant White,24.0,ACCESORIES
TK8,Elegant White,19.0,ACCESORIES
RD18,Elegant White,54.0,ACCESORIES
RD21,Elegant White,55.0,ACCESORIES
RD24,Elegant White,57.0,ACCESORIES
RD27,Elegant White,60.0,ACCESORIES
RD30,Elegant White,63.0,ACCESORIES
RD33,Elegant White,66.0,ACCESORIES
RD36,Elegant White,70.0,ACCESORIES
WF330,Elegant White,15.0,ACCESORIES
WF342,Elegant White,23.0,ACCESORIES
WF396,Elegant White,55.0,ACCESORIES
WF642,Elegant White,37.0,ACCESORIES
WF696,Elegant White,111.0,ACCESORIES
PCFF396,Elegant White,121.0,ACCESORIES
BB3*3,Elegant White,6.0,ACCESORIES
TUK,Elegant White,33.0,ACCESORIES
SD,Elegant White,22.0,ACCESORIES
AEROSOL,Elegant White,30.0,ACCESORIES
BF336,Grey Shaker,24.0,ACCESORIES
BF636,Grey Shaker,50.0,ACCESORIES
BDD15,Grey Shaker,79.0,ACCESORIES
BDD18,Grey Shaker,96.0,ACCESORIES
BDD24,Grey Shaker,120.0,ACCESORIES
WFD1230,Grey Shaker,57.0,ACCESORIES
WFD1236,Grey Shaker,69.0,ACCESORIES
WFD1242,Grey Shaker,80.0,ACCESORIES
BP4836,Grey Shaker,63.0,ACCESORIES
BP9636,Grey Shaker,129.0,ACCESORIES
BP4896-3/4,Grey Shaker,225.0,ACCESORIES
CCM8,Grey Shaker,98.0,ACCESORIES
RPM8,Grey Shaker,11.0,ACCESORIES
CM2-13/32,Grey Shaker,59.0,ACCESORIES
CM3-5/16,Grey Shaker,72.0,ACCESORIES
BCM8,Grey Shaker,73.0,ACCESORIES
COV8,Grey Shaker,98.0,ACCESORIES
CTM8,Grey Shaker,42.0,ACCESORIES
DWR,Grey Shaker,63.0,ACCESORIES
ICM8,Grey Shaker,38.0,ACCESORIES
MMS,Grey Shaker,31.0,ACCESORIES
OCM8,Grey Shaker,32.0,ACCESORIES
"OGM8 (4.5"")",Grey Shaker,78.0,ACCESORIES
ONLAY1,Grey Shaker,45.0,ACCESORIES
QR8,Grey Shaker,34.0,ACCESORIES
RRP2496,Grey Shaker,117.0,ACCESORIES
"RRPF1.5""",Grey Shaker,40.0,ACCESORIES
RRPF3*120,Grey Shaker,78.0,ACCESORIES
SM8,Grey Shaker,14.0,ACCESORIES
BM8,Grey Shaker,24.0,ACCESORIES
TK8,Grey Shaker,19.0,ACCESORIES
RD18,Grey Shaker,54.0,ACCESORIES
RD21,Grey Shaker,55.0,ACCESORIES
RD24,Grey Shaker,57.0,ACCESORIES
RD27,Grey Shaker,60.0,ACCESORIES
RD30,Grey Shaker,63.0,ACCESORIES
RD33,Grey Shaker,66.0,ACCESORIES
RD36,Grey Shaker,70.0,ACCESORIES
WF330,Grey Shaker,15.0,ACCESORIES
WF342,Grey Shaker,23.0,ACCESORIES
WF396,Grey Shaker,55.0,ACCESORIES
WF642,Grey Shaker,37.0,ACCESORIES
WF696,Grey Shaker,111.0,ACCESORIES
PCFF396,Grey Shaker,121.0,ACCESORIES
BB3*3,Grey Shaker,6.0,ACCESORIES
TUK,Grey Shaker,33.0,ACCESORIES
SD,Grey Shaker,22.0,ACCESORIES
AEROSOL,Grey Shaker,30.0,ACCESORIES
BF336,Espresso Shaker,24.0,ACCESORIES
BF636,Espresso Shaker,50.0,ACCESORIES
BDD15,Espresso Shaker,79.0,ACCESORIES
BDD18,Espresso Shaker,96.0,ACCESORIES
BDD24,Espresso Shaker,120.0,ACCESORIES
WFD1230,Espresso Shaker,57.0,ACCESORIES
WFD1236,Espresso Shaker,69.0,ACCESORIES
WFD1242,Espresso Shaker,80.0,ACCESORIES
BP4836,Espresso Shaker,63.0,ACCESORIES
BP9636,Espresso Shaker,129.0,ACCESORIES
BP4896-3/4,Espresso Shaker,225.0,ACCESORIES
CCM8,Espresso Shaker,98.0,ACCESORIES
RPM8,Espresso Shaker,11.0,ACCESORIES
CM2-13/32,Espresso Shaker,59.0,ACCESORIES
CM3-5/16,Espresso Shaker,72.0,ACCESORIES
BCM8,Espresso Shaker,73.0,ACCESORIES
COV8,Espresso Shaker,98.0,ACCESORIES
CTM8,Espresso Shaker,42.0,ACCESORIES
DWR,Espresso Shaker,63.0,ACCESORIES
ICM8,Espresso Shaker,38.0,ACCESORIES
MMS,Espresso Shaker,31.0,ACCESORIES
OCM8,Espresso Shaker,32.0,ACCESORIES
"OGM8 (4.5"")",Espresso Shaker,78.0,ACCESORIES
ONLAY1,Espresso Shaker,45.0,ACCESORIES
QR8,Espresso Shaker,34.0,ACCESORIES
RRP2496,Espresso Shaker,117.0,ACCESORIES
"RRPF1.5""",Espresso Shaker,40.0,ACCESORIES
RRPF3*120,Espresso Shaker,78.0,ACCESORIES
SM8,Espresso Shaker,14.0,ACCESORIES
BM8,Espresso Shaker,24.0,ACCESORIES
TK8,Espresso Shaker,19.0,ACCESORIES
RD18,Espresso Shaker,54.0,ACCESORIES
RD21,Espresso Shaker,55.0,ACCESORIES
RD24,Espresso Shaker,57.0,ACCESORIES
RD27,Espresso Shaker,60.0,ACCESORIES
RD30,Espresso Shaker,63.0,ACCESORIES
RD33,Espresso Shaker,66.0,ACCESORIES
RD36,Espresso Shaker,70.0,ACCESORIES
WF330,Espresso Shaker,15.0,ACCESORIES
WF342,Espresso Shaker,23.0,ACCESORIES
WF396,Espresso Shaker,55.0,ACCESORIES
WF642,Espresso Shaker,37.0,ACCESORIES
WF696,Espresso Shaker,111.0,ACCESORIES
PCFF396,Espresso Shaker,121.0,ACCESORIES
BB3*3,Espresso Shaker,6.0,ACCESORIES
TUK,Espresso Shaker,33.0,ACCESORIES
SD,Espresso Shaker,22.0,ACCESORIES
AEROSOL,Espresso Shaker,30.0,ACCESORIES
BF336,Metallic Shaker,24.0,ACCESORIES
BF636,Metallic Shaker,50.0,ACCESORIES
BDD15,Metallic Shaker,79.0,ACCESORIES
BDD18,Metallic Shaker,96.0,ACCESORIES
BDD24,Metallic Shaker,120.0,ACCESORIES
BM8,Metallic Shaker,25.0,ACCESORIES
WFD1230,Metallic Shaker,60.0,ACCESORIES
WFD1236,Metallic Shaker,72.0,ACCESORIES
WFD1242,Metallic Shaker,84.0,ACCESORIES
BP4836,Metallic Shaker,65.0,ACCESORIES
BP9636,Metallic Shaker,134.0,ACCESORIES
BP4896-3/4,Metallic Shaker,236.0,ACCESORIES
BCM8,Metallic Shaker,76.0,ACCESORIES
CCM8,Metallic Shaker,103.0,ACCESORIES
CM2-13/32,Metallic Shaker,62.0,ACCESORIES
CM3-5/16,Metallic Shaker,75.0,ACCESORIES
COV8,Metallic Shaker,103.0,ACCESORIES
CTM8,Metallic Shaker,44.0,ACCESORIES
DWR,Metallic Shaker,66.0,ACCESORIES
ICM8,Metallic Shaker,40.0,ACCESORIES
MMS,Metallic Shaker,32.0,ACCESORIES
OCM8,Metallic Shaker,34.0,ACCESORIES
PCFF396,Metallic Shaker,126.0,ACCESORIES
QR8,Metallic Shaker,36.0,ACCESORIES
"OGM8 (4.5"")",Metallic Shaker,82.0,ACCESORIES
RRP2496,Metallic Shaker,123.0,ACCESORIES
"RRPF1.5""",Metallic Shaker,42.0,ACCESORIES
RRPF3*120,Metallic Shaker,82.0,ACCESORIES
SM8,Metallic Shaker,15.0,ACCESORIES
TK8,Metallic Shaker,20.0,ACCESORIES
RD18,Metallic Shaker,56.0,ACCESORIES
RD21,Metallic Shaker,58.0,ACCESORIES
RD24,Metallic Shaker,60.0,ACCESORIES
RD27,Metallic Shaker,63.0,ACCESORIES
RD30,Metallic Shaker,64.0,ACCESORIES
RD33,Metallic Shaker,70.0,ACCESORIES
RD36,Metallic Shaker,74.0,ACCESORIES
WF330,Metallic Shaker,16.0,ACCESORIES
WF342,Metallic Shaker,24.0,ACCESORIES
WF396,Metallic Shaker,58.0,ACCESORIES
WF642,Metallic Shaker,47.0,ACCESORIES
WF696,Metallic Shaker,116.0,ACCESORIES
TUK,Metallic Shaker,33.0,ACCESORIES
SD,Metallic Shaker,22.0,ACCESORIES
AEROSOL,Metallic Shaker,30.0,ACCESORIES
BF336,Blue Shaker,26.0,ACCESORIES
BF636,Blue Shaker,52.0,ACCESORIES
BDD15,Blue Shaker,92.0,ACCESORIES
BDD18,Blue Shaker,139.0,ACCESORIES
BDD24,Blue Shaker,155.0,ACCESORIES
BM8,Blue Shaker,19.0,ACCESORIES
WFD1230,Blue Shaker,61.0,ACCESORIES
WFD1236,Blue Shaker,72.0,ACCESORIES
WFD1242,Blue Shaker,84.0,ACCESORIES
BP4836,Blue Shaker,65.0,ACCESORIES
BP9636,Blue Shaker,134.0,ACCESORIES
BP4896-3/4,Blue Shaker,247.0,ACCESORIES
BCM8,Blue Shaker,82.0,ACCESORIES
CCM8,Blue Shaker,98.0,ACCESORIES
CM2-13/32,Blue Shaker,65.0,ACCESORIES
CM3-5/16,Blue Shaker,78.0,ACCESORIES
COV8,Blue Shaker,98.0,ACCESORIES
CTM8,Blue Shaker,47.0,ACCESORIES
DWR,Blue Shaker,74.0,ACCESORIES
ICM8,Blue Shaker,38.0,ACCESORIES
MMS,Blue Shaker,31.0,ACCESORIES
OCM8,Blue Shaker,33.0,ACCESORIES
PCFF396,Blue Shaker,126.0,ACCESORIES
QR8,Blue Shaker,36.0,ACCESORIES
"OGM8 (4.5"")",Blue Shaker,69.0,ACCESORIES
RRP2496,Blue Shaker,139.0,ACCESORIES
"RRPF1.5""",Blue Shaker,40.0,ACCESORIES
RRPF3*120,Blue Shaker,89.0,ACCESORIES
SM8,Blue Shaker,15.0,ACCESORIES
TK8,Blue Shaker,22.0,ACCESORIES
RD18,Blue Shaker,52.0,ACCESORIES
RD21,Blue Shaker,55.0,ACCESORIES
RD24,Blue Shaker,57.0,ACCESORIES
RD27,Blue Shaker,60.0,ACCESORIES
RD30,Blue Shaker,64.0,ACCESORIES
RD33,Blue Shaker,72.0,ACCESORIES
RD36,Blue Shaker,75.0,ACCESORIES
VH3624,Blue Shaker,489.0,ACCESORIES
WF330,Blue Shaker,17.0,ACCESORIES
WF342,Blue Shaker,23.0,ACCESORIES
WF396,Blue Shaker,57.0,ACCESORIES
WF642,Blue Shaker,47.0,ACCESORIES
WF696,Blue Shaker,116.0,ACCESORIES
TUK,Blue Shaker,33.0,ACCESORIES
SD,Blue Shaker,22.0,ACCESORIES
AEROSOL,Blue Shaker,30.0,ACCESORIES
BF336,Natural Wood,26.0,ACCESORIES
BF636,Natural Wood,52.0,ACCESORIES
BDD15,Natural Wood,92.0,ACCESORIES
BDD18,Natural Wood,139.0,ACCESORIES
BDD24,Natural Wood,155.0,ACCESORIES
BM8,Natural Wood,19.0,ACCESORIES
WFD1230,Natural Wood,61.0,ACCESORIES
WFD1236,Natural Wood,72.0,ACCESORIES
WFD1242,Natural Wood,84.0,ACCESORIES
BP4836,Natural Wood,65.0,ACCESORIES
BP9636,Natural Wood,134.0,ACCESORIES
BP4896-3/4,Natural Wood,247.0,ACCESORIES
BCM8,Natural Wood,82.0,ACCESORIES
CCM8,Natural Wood,98.0,ACCESORIES
CM2-13/32,Natural Wood,65.0,ACCESORIES
CM3-5/16,Natural Wood,78.0,ACCESORIES
COV8,Natural Wood,98.0,ACCESORIES
CTM8,Natural Wood,47.0,ACCESORIES
DWR,Natural Wood,74.0,ACCESORIES
ICM8,Natural Wood,38.0,ACCESORIES
MMS,Natural Wood,31.0,ACCESORIES
OCM8,Natural Wood,33.0,ACCESORIES
PCFF396,Natural Wood,126.0,ACCESORIES
QR8,Natural Wood,36.0,ACCESORIES
"OGM8 (4.5"")",Natural Wood,69.0,ACCESORIES
RRP2496,Natural Wood,139.0,ACCESORIES
"RRPF1.5""",Natural Wood,40.0,ACCESORIES
RRPF3*120,Natural Wood,89.0,ACCESORIES
SM8,Natural Wood,15.0,ACCESORIES
TK8,Natural Wood,22.0,ACCESORIES
RD18,Natural Wood,52.0,ACCESORIES
RD21,Natural Wood,55.0,ACCESORIES
RD24,Natural Wood,57.0,ACCESORIES
RD27,Natural Wood,60.0,ACCESORIES
RD30,Natural Wood,64.0,ACCESORIES
RD33,Natural Wood,72.0,ACCESORIES
RD36,Natural Wood,75.0,ACCESORIES
VH3624,Natural Wood,489.0,ACCESORIES
WF330,Natural Wood,17.0,ACCESORIES
WF342,Natural Wood,23.0,ACCESORIES
WF396,Natural Wood,57.0,ACCESORIES
WF642,Natural Wood,47.0,ACCESORIES
WF696,Natural Wood,116.0,ACCESORIES
TUK,Natural Wood,33.0,ACCESORIES
SD,Natural Wood,22.0,ACCESORIES
AEROSOL,Natural Wood,30.0,ACCESORIES
BB3*3,Midnight Espresso,6.0,ACCESORIES
BF336,Midnight Espresso,26.0,ACCESORIES
BF636,Midnight Espresso,52.0,ACCESORIES
BDD15,Midnight Espresso,92.0,ACCESORIES
BDD18,Midnight Espresso,139.0,ACCESORIES
BDD24,Midnight Espresso,155.0,ACCESORIES
WFD1230,Midnight Espresso,61.0,ACCESORIES
WFD1236,Midnight Espresso,72.0,ACCESORIES
WFD1242,Midnight Espresso,84.0,ACCESORIES
BP4836,Midnight Espresso,65.0,ACCESORIES
BP9636,Midnight Espresso,134.0,ACCESORIES
BP4896-3/4,Midnight Espresso,247.0,ACCESORIES
CCM8,Midnight Espresso,98.0,ACCESORIES
DE8,Midnight Espresso,11.0,ACCESORIES
RPM8,Midnight Espresso,11.0,ACCESORIES
CM1-5/8,Midnight Espresso,63.0,ACCESORIES
CM2-13/32,Midnight Espresso,65.0,ACCESORIES
CM3-5/16,Midnight Espresso,78.0,ACCESORIES
DWR,Midnight Espresso,74.0,ACCESORIES
ICM8,Midnight Espresso,38.0,ACCESORIES
OCM8,Midnight Espresso,33.0,ACCESORIES
PCFF396,Midnight Espresso,126.0,ACCESORIES
QR8,Midnight Espresso,36.0,ACCESORIES
"OGM8 (4.5"")",Midnight Espresso,69.0,ACCESORIES
RRP2796,Midnight Espresso,139.0,ACCESORIES
"RRPF1.5""",Midnight Espresso,40.0,ACCESORIES
RRPF3*120,Midnight Espresso,89.0,ACCESORIES
SM8,Midnight Espresso,15.0,ACCESORIES
BM8,Midnight Espresso,19.0,ACCESORIES
TK8,Midnight Espresso,22.0,ACCESORIES
RD18,Midnight Espresso,52.0,ACCESORIES
RD21,Midnight Espresso,55.0,ACCESORIES
RD24,Midnight Espresso,57.0,ACCESORIES
RD27,Midnight Espresso,60.0,ACCESORIES
RD30,Midnight Espresso,64.0,ACCESORIES
RD33,Midnight Espresso,72.0,ACCESORIES
RD36,Midnight Espresso,75.0,ACCESORIES
WF330,Midnight Espresso,17.0,ACCESORIES
WF336,Midnight Espresso,19.0,ACCESORIES
WF342,Midnight Espresso,23.0,ACCESORIES
WF396,Midnight Espresso,57.0,ACCESORIES
WF642,Midnight Espresso,47.0,ACCESORIES
WF696,Midnight Espresso,116.0,ACCESORIES
LRM01,Midnight Espresso,49.0,ACCESORIES
MMS,Midnight Espresso,31.0,ACCESORIES
ONLAY1,Midnight Espresso,45.0,ACCESORIES
TUK,Midnight Espresso,33.0,ACCESORIES
SD,Midnight Espresso,22.0,ACCESORIES
BB3*3,Cognac,6.0,ACCESORIES
BF336,Cognac,26.0,ACCESORIES
BF636,Cognac,52.0,ACCESORIES
BDD15,Cognac,92.0,ACCESORIES
BDD18,Cognac,139.0,ACCESORIES
BDD24,Cognac,155.0,ACCESORIES
WFD1230,Cognac,61.0,ACCESORIES
WFD1236,Cognac,72.0,ACCESORIES
WFD1242,Cognac,84.0,ACCESORIES
BP4836,Cognac,65.0,ACCESORIES
BP9636,Cognac,134.0,ACCESORIES
BP4896-3/4,Cognac,247.0,ACCESORIES
CCM8,Cognac,98.0,ACCESORIES
DE8,Cognac,11.0,ACCESORIES
RPM8,Cognac,11.0,ACCESORIES
CM1-5/8,Cognac,63.0,ACCESORIES
CM2-13/32,Cognac,65.0,ACCESORIES
CM3-5/16,Cognac,78.0,ACCESORIES
DWR,Cognac,74.0,ACCESORIES
ICM8,Cognac,38.0,ACCESORIES
OCM8,Cognac,33.0,ACCESORIES
PCFF396,Cognac,126.0,ACCESORIES
QR8,Cognac,36.0,ACCESORIES
"OGM8 (4.5"")",Cognac,69.0,ACCESORIES
RRP2796,Cognac,139.0,ACCESORIES
"RRPF1.5""",Cognac,40.0,ACCESORIES
RRPF3*120,Cognac,89.0,ACCESORIES
SM8,Cognac,15.0,ACCESORIES
BM8,Cognac,19.0,ACCESORIES
TK8,Cognac,22.0,ACCESORIES
RD18,Cognac,52.0,ACCESORIES
RD21,Cognac,55.0,ACCESORIES
RD24,Cognac,57.0,ACCESORIES
RD27,Cognac,60.0,ACCESORIES
RD30,Cognac,64.0,ACCESORIES
RD33,Cognac,72.0,ACCESORIES
RD36,Cognac,75.0,ACCESORIES
WF330,Cognac,17.0,ACCESORIES
WF336,Cognac,19.0,ACCESORIES
WF342,Cognac,23.0,ACCESORIES
WF396,Cognac,57.0,ACCESORIES
WF642,Cognac,47.0,ACCESORIES
WF696,Cognac,116.0,ACCESORIES
LRM01,Cognac,49.0,ACCESORIES
MMS,Cognac,31.0,ACCESORIES
ONLAY1,Cognac,45.0,ACCESORIES
TUK,Cognac,33.0,ACCESORIES
SD,Cognac,22.0,ACCESORIES
BB3*3,Antique White,6.0,ACCESORIES
BF336,Antique White,27.0,ACCESORIES
BF636,Antique White,56.0,ACCESORIES
BDD15,Antique White,107.0,ACCESORIES
BDD18,Antique White,139.0,ACCESORIES
BDD24,Antique White,155.0,ACCESORIES
WFD1230,Antique White,64.0,ACCESORIES
WFD1236,Antique White,77.0,ACCESORIES
WFD1242,Antique White,91.0,ACCESORIES
BP4836,Antique White,70.0,ACCESORIES
BP9636,Antique White,143.0,ACCESORIES
BP4896-3/4,Antique White,229.0,ACCESORIES
CM1-5/8,Antique White,63.0,ACCESORIES
CM2-13/32,Antique White,65.0,ACCESORIES
CM3-5/16,Antique White,78.0,ACCESORIES
DWR,Antique White,80.0,ACCESORIES
ICM8,Antique White,38.0,ACCESORIES
OCM8,Antique White,36.0,ACCESORIES
PCFF396,Antique White,135.0,ACCESORIES
QR8,Antique White,38.0,ACCESORIES
"OGM8 (4.5"")",Antique White,87.0,ACCESORIES
CCM8,Antique White,101.0,ACCESORIES
RPM8,Antique White,24.0,ACCESORIES
RRP2796,Antique White,166.0,ACCESORIES
"RRPF1.5""",Antique White,40.0,ACCESORIES
RRPF3*120,Antique White,89.0,ACCESORIES
SM8,Antique White,15.0,ACCESORIES
BM8,Antique White,27.0,ACCESORIES
TK8,Antique White,22.0,ACCESORIES
RD18,Antique White,56.0,ACCESORIES
RD21,Antique White,59.0,ACCESORIES
RD24,Antique White,61.0,ACCESORIES
RD27,Antique White,64.0,ACCESORIES
RD30,Antique White,66.0,ACCESORIES
RD33,Antique White,75.0,ACCESORIES
RD36,Antique White,75.0,ACCESORIES
WF330,Antique White,18.0,ACCESORIES
WF336,Antique White,20.0,ACCESORIES
WF342,Antique White,24.0,ACCESORIES
WF396,Antique White,61.0,ACCESORIES
WF642,Antique White,51.0,ACCESORIES
WF696,Antique White,124.0,ACCESORIES
LRM01,Antique White,49.0,ACCESORIES
MMS,Antique White,31.0,ACCESORIES
ONLAY1,Antique White,45.0,ACCESORIES
TUK,Antique White,33.0,ACCESORIES
SD,Antique White,22.0,ACCESORIES
AEROSOL,Antique White,30.0,ACCESORIES
